ligand_id,smiles,label,source,potency_value,potency_type,murcko_scaffold,in_domain,canonical_smiles,chemotype,mw,logp,hbd,hba,tpsa,rotatable_bonds,formal_charge,matched_active_ligand_id,property_distance,max_active_tanimoto,pref_name,chembl_id,document_year,assay_description
CHEMBL463811,CC(C)C[C@H](NC(=O)Cn1ccc2cc(NS(=O)(=O)c3cccc4cccnc34)ccc21)C(=O)O,active,ChEMBL:CHEMBL1153268,178.0,EC50,O=S(=O)(Nc1ccc2[nH]ccc2c1)c1cccc2cccnc12,1,CC(C)C[C@H](NC(=O)Cn1ccc2cc(NS(=O)(=O)c3cccc4cccnc34)ccc21)C(=O)O,scaffold_1,494.57300000000026,3.6058000000000012,3,6,130.39,9,0,,,,CHEMBL463811,CHEMBL463811,2009.0,Agonist activity at NTR1 expressed in CHOK1 cells by calcium mobilization assay
CHEMBL294989,CC(C)CC(NC(=O)OCC1c2ccccc2-c2ccccc21)C(=O)O,active,ChEMBL:CHEMBL1153268,216.0,EC50,c1ccc2c(c1)Cc1ccccc1-2,1,CC(C)CC(NC(=O)OCC1c2ccccc2-c2ccccc21)C(=O)O,scaffold_2,353.41800000000006,4.024400000000003,2,3,75.63,6,0,,,,CHEMBL294989,CHEMBL294989,2009.0,Agonist activity at NTR1 expressed in CHOK1 cells by calcium mobilization assay
CHEMBL462830,COc1ccccc1-c1cc(C(=O)N[C@@H](CC(C)C)C(=O)O)nn1-c1ccnc2cc(Cl)ccc12,active,ChEMBL:CHEMBL1153268,220.0,EC50,c1ccc(-c2ccnn2-c2ccnc3ccccc23)cc1,1,COc1ccccc1-c1cc(C(=O)N[C@@H](CC(C)C)C(=O)O)nn1-c1ccnc2cc(Cl)ccc12,scaffold_3,492.96300000000014,4.978600000000004,2,6,106.33999999999999,8,0,,,,CHEMBL462830,CHEMBL462830,2009.0,Agonist activity at NTR1 expressed in CHOK1 cells by calcium mobilization assay
CHEMBL2431120,COc1cc2nc(C3CC3)nc(N3CCN(c4ccccc4OC)CC3)c2cc1OC,active,ChEMBL:CHEMBL2429761,2000.0,EC50,c1ccc(N2CCN(c3nc(C4CC4)nc4ccccc34)CC2)cc1,1,COc1cc2nc(C3CC3)nc(N3CCN(c4ccccc4OC)CC3)c2cc1OC,scaffold_4,420.51300000000026,3.859600000000003,0,7,59.95000000000002,6,0,,,,CHEMBL2431120,CHEMBL2431120,2013.0,Agonist activity at NTR1 (unknown origin) expressed in human U2OS cells coexpressing beta-arrestin by GFP reporter gene assay
CHEMBL3315193,CC(C)C[C@H](NC(=O)Cn1ccc2cc(-c3cnc4ccccc4c3)ccc21)C(=O)O,active,ChEMBL:CHEMBL3351689,2050.0,EC50,c1ccc2ncc(-c3ccc4[nH]ccc4c3)cc2c1,1,CC(C)C[C@H](NC(=O)Cn1ccc2cc(-c3cnc4ccccc4c3)ccc21)C(=O)O,scaffold_5,415.4930000000001,4.472000000000002,2,4,84.22,7,0,,,,CHEMBL3315193,CHEMBL3315193,2014.0,Agonist activity at NTSR1 (unknown origin) expressed in CHO cells assessed as potentiation of NT(8-13) peptide-induced change in intracellular Ca2+ level preincubated for 45 mins by FLIPR assay
CHEMBL3099769,COc1cccc(OC)c1-c1nc(C(=O)N[C@@H](CC(C)C)C(=O)O)cn1-c1cccc2ccccc12,active,ChEMBL:CHEMBL3098058,2300.0,EC50,c1ccc(-c2nccn2-c2cccc3ccccc23)cc1,1,COc1cccc(OC)c1-c1nc(C(=O)N[C@@H](CC(C)C)C(=O)O)cn1-c1cccc2ccccc12,scaffold_6,487.5560000000002,4.938800000000004,2,6,102.68,9,0,,,,CHEMBL3099769,CHEMBL3099769,2014.0,Agonist activity at NTR1 in human U2OS cells after 1 hr by beta-arrestin GFP reporter gene assay
CHEMBL3315203,CC(C)C[C@H](NC(=O)Cn1ccc2cc(-c3cncc4ccccc34)ccc21)C(=O)O,active,ChEMBL:CHEMBL3351689,3240.0,EC50,c1ccc2c(-c3ccc4[nH]ccc4c3)cncc2c1,1,CC(C)C[C@H](NC(=O)Cn1ccc2cc(-c3cncc4ccccc34)ccc21)C(=O)O,scaffold_7,415.49300000000017,4.472000000000003,2,4,84.22,7,0,,,,CHEMBL3315203,CHEMBL3315203,2014.0,Agonist activity at NTSR1 (unknown origin) expressed in CHO cells assessed as potentiation of NT(8-13) peptide-induced change in intracellular Ca2+ level preincubated for 45 mins by FLIPR assay
CHEMBL1301125,COC(=O)C[C@]1(C(=O)OC)CN(C#N)N(c2ccc(Cl)cc2)C12c1ccccc1-c1ccccc12,active,ChEMBL:CHEMBL1201862,3270.0,EC50,c1ccc(N2NCCC23c2ccccc2-c2ccccc23)cc1,1,COC(=O)C[C@]1(C(=O)OC)CN(C#N)N(c2ccc(Cl)cc2)C12c1ccccc1-c1ccccc12,scaffold_8,487.94300000000015,4.504780000000004,0,7,82.87,4,0,,,,CHEMBL1301125,CHEMBL1301125,,"PUBCHEM_BIOASSAY: Dose Response confirmation of Image-Based HTS for Selective Agonists for NTR1. (Class of assay: confirmatory) [Related pubchem assays (depositor defined):AID493036, AID493055]"
CHEMBL3315221,CC(C)C[C@H](NC(=O)Cn1ccc2ccc(-c3cnc4ccccc4c3)cc21)C(=O)O,active,ChEMBL:CHEMBL3351689,3280.0,EC50,c1ccc2ncc(-c3ccc4cc[nH]c4c3)cc2c1,1,CC(C)C[C@H](NC(=O)Cn1ccc2ccc(-c3cnc4ccccc4c3)cc21)C(=O)O,scaffold_9,415.49300000000017,4.472000000000003,2,4,84.22,7,0,,,,CHEMBL3315221,CHEMBL3315221,2014.0,Agonist activity at NTSR1 (unknown origin) expressed in CHO cells assessed as potentiation of NT(8-13) peptide-induced change in intracellular Ca2+ level preincubated for 45 mins by FLIPR assay
CHEMBL1323442,CCOC(=O)c1c(C)[nH]c(C(=O)OCC(=O)Nc2sccc2C(N)=O)c1C,active,ChEMBL:CHEMBL1201862,3350.0,EC50,O=C(COC(=O)c1ccc[nH]1)Nc1cccs1,1,CCOC(=O)c1c(C)[nH]c(C(=O)OCC(=O)Nc2sccc2C(N)=O)c1C,scaffold_10,393.4210000000001,1.7641400000000003,3,7,140.58,7,0,,,,CHEMBL1323442,CHEMBL1323442,,"PUBCHEM_BIOASSAY: Dose Response confirmation of Image-Based HTS for Selective Agonists for NTR1. (Class of assay: confirmatory) [Related pubchem assays (depositor defined):AID493036, AID493055]"
ZINCf50000025AQY,CC[S@](=N)(=O)NC(=O)CNCCN=[N+]=[N-],decoy,local_zinc_pool,,,,1,CC[S@](=N)(=O)NC(=O)CNCCN=[N+]=[N-],matched_to_CHEMBL463811,234.28499999999997,-0.01583000000000001,3,5,130.81000000000003,7,0,CHEMBL463811,6.534100000000006,0.1232876712328767,,,,
ZINCf50000009nzl,CNS(=O)(=O)CCCNC(=O)C1(Br)CC1,decoy,local_zinc_pool,,,C1CC1,1,CNS(=O)(=O)CCCNC(=O)C1(Br)CC1,matched_to_CHEMBL294989,299.19000000000005,-0.030600000000000405,2,3,75.27000000000001,6,0,CHEMBL294989,3.260013333333335,0.10666666666666667,,,,
ZINCf5000002mHDq,O=S(=O)(CBr)NCCCNS(=O)(=O)CBr,decoy,local_zinc_pool,,,,1,O=S(=O)(CBr)NCCCNS(=O)(=O)CBr,matched_to_CHEMBL462830,388.10300000000007,-0.0798999999999998,2,4,92.34,8,0,CHEMBL462830,5.980933333333335,0.08333333333333333,,,,
ZINCf5000002rVlZ,CN(C)CCOC(=O)Cn1cc(I)nn1,decoy,local_zinc_pool,,,c1c[nH]nn1,1,CN(C)CCOC(=O)Cn1cc(I)nn1,matched_to_CHEMBL2431120,324.12199999999996,-0.0125000000000004,0,6,60.25,5,0,CHEMBL2431120,4.557310000000005,0.13924050632911392,,,,
ZINCf5000002myLk,C[C@H](CNS(=O)(=O)CBr)NS(=O)(=O)CBr,decoy,local_zinc_pool,,,,1,C[C@H](CNS(=O)(=O)CBr)NS(=O)(=O)CBr,matched_to_CHEMBL3315193,388.10300000000007,-0.08149999999999963,2,4,92.34,7,0,CHEMBL3315193,3.634366666666668,0.10526315789473684,,,,
ZINCf5000002mDhl,CSC[C@@H](CO)SCCS(=O)(=O)CCO,decoy,local_zinc_pool,,,,1,CSC[C@@H](CO)SCCS(=O)(=O)CCO,matched_to_CHEMBL3099769,274.429,-0.14939999999999992,2,6,74.6,9,0,CHEMBL3099769,6.6466033333333385,0.08536585365853659,,,,
ZINCf5000002dR2n,C=C(I)CC(=O)NCCS(=O)(=O)CCO,decoy,local_zinc_pool,,,,1,C=C(I)CC(=O)NCCS(=O)(=O)CCO,matched_to_CHEMBL3315203,347.1740000000001,-0.15150000000000036,2,4,83.47,7,0,CHEMBL3315203,3.7955233333333362,0.09876543209876543,,,,
ZINCf50000009pVD,COC(=O)COC(=O)Cn1cc(I)nn1,decoy,local_zinc_pool,,,c1c[nH]nn1,1,COC(=O)COC(=O)Cn1cc(I)nn1,matched_to_CHEMBL1301125,325.062,-0.40110000000000046,0,7,83.31,4,0,CHEMBL1301125,4.916996666666671,0.1780821917808219,,,,
ZINCf5000001pvAi,CC(C)NS(=O)(=O)CCNS(=O)(=O)CI,decoy,local_zinc_pool,,,,1,CC(C)NS(=O)(=O)CCNS(=O)(=O)CI,matched_to_CHEMBL3315221,370.2339999999999,-0.37389999999999946,2,4,92.34,7,0,CHEMBL3315221,4.007990000000004,0.11688311688311688,,,,
ZINCf5000003631Z,NOCCCSCc1cc(O)nc(O)n1,decoy,local_zinc_pool,,,c1cncnc1,1,NOCCCSCc1cc(O)nc(O)n1,matched_to_CHEMBL1323442,231.27700000000004,0.40140000000000003,3,7,101.49000000000001,6,0,CHEMBL1323442,4.593533333333334,0.1,,,,
ZINCf5000002eg50,[N-]=[N+]=NCCCC(=O)NOC[C@@H](O)CO,decoy,local_zinc_pool,,,,1,[N-]=[N+]=NCCCC(=O)NOC[C@@H](O)CO,matched_to_CHEMBL463811,218.213,-0.5221000000000002,3,5,127.55000000000003,8,0,CHEMBL463811,6.629133333333335,0.12121212121212122,,,,
ZINCf50000028LEi,CCS(=O)(=O)NCCNC(=O)[C@@H]1C[C@@H]1Br,decoy,local_zinc_pool,,,C1CC1,1,CCS(=O)(=O)NCCNC(=O)[C@@H]1C[C@@H]1Br,matched_to_CHEMBL294989,299.19,-0.17470000000000052,2,3,75.27000000000001,6,0,CHEMBL294989,3.356080000000002,0.11267605633802817,,,,
ZINCf50000024dVA,Cc1noc([C@H](CO)NS(=O)(=O)CI)n1,decoy,local_zinc_pool,,,c1ncon1,1,Cc1noc([C@H](CO)NS(=O)(=O)CI)n1,matched_to_CHEMBL462830,347.13399999999996,-0.27668000000000004,2,6,105.32000000000001,5,0,CHEMBL462830,6.502610000000003,0.14285714285714285,,,,
ZINCf5000000acCv,Cn1nnc(CSCCCS(C)(=O)=O)n1,decoy,local_zinc_pool,,,c1nn[nH]n1,1,Cn1nnc(CSCCCS(C)(=O)=O)n1,matched_to_CHEMBL2431120,250.34899999999996,-0.12199999999999989,0,7,77.74,6,0,CHEMBL2431120,5.067640000000004,0.09302325581395349,,,,
ZINCf5000002qAQ7,C=C(Br)CC(=O)NCCS(=O)(=O)CCO,decoy,local_zinc_pool,,,,1,C=C(Br)CC(=O)NCCS(=O)(=O)CCO,matched_to_CHEMBL3315193,300.17400000000004,-0.19160000000000016,2,4,83.47,7,0,CHEMBL3315193,4.2922566666666695,0.09876543209876543,,,,
ZINCf5000000Zz1e,OCCOCCOCCSc1nc[nH]n1,decoy,local_zinc_pool,,,c1nc[nH]n1,1,OCCOCCOCCSc1nc[nH]n1,matched_to_CHEMBL3099769,233.29300000000003,-0.07770000000000005,2,6,80.26,9,0,CHEMBL3099769,6.783763333333337,0.09722222222222222,,,,
ZINCf5000002mDj1,CSCCNS(=O)(=O)C[C@@H]1C[C@@H]1C(=O)O,decoy,local_zinc_pool,,,C1CC1,1,CSCCNS(=O)(=O)C[C@@H]1C[C@@H]1C(=O)O,matched_to_CHEMBL3315203,253.34499999999997,-0.010500000000000231,2,4,83.47,7,0,CHEMBL3315203,4.639813333333338,0.12307692307692308,,,,
ZINCf5000000YaTM,CCOC(=O)C(=O)N(CCI)S(C)(=O)=O,decoy,local_zinc_pool,,,,1,CCOC(=O)C(=O)N(CCI)S(C)(=O)=O,matched_to_CHEMBL1301125,349.146,-0.2272999999999996,0,5,80.75,4,0,CHEMBL1301125,5.627490000000004,0.16417910447761194,,,,
ZINCf50000009nAl,CNS(=O)(=O)CCCNS(=O)(=O)C(Cl)Cl,decoy,local_zinc_pool,,,,1,CNS(=O)(=O)CCCNS(=O)(=O)C(Cl)Cl,matched_to_CHEMBL3315221,299.201,-0.3937000000000004,2,4,92.34,7,0,CHEMBL3315221,4.731520000000003,0.0875,,,,
ZINCf5000002rDJg,C[C@@H](O)CCONC(=O)[C@@H](N)CN=[N+]=[N-],decoy,local_zinc_pool,,,,1,C[C@@H](O)CCONC(=O)[C@@H](N)CN=[N+]=[N-],matched_to_CHEMBL1323442,217.229,-0.5572999999999995,3,5,133.34,7,0,CHEMBL1323442,4.599146666666668,0.13636363636363635,,,,
ZINCf5000002s1mZ,CNOCCCNC(=O)[C@@H](N)CN=[N+]=[N-],decoy,local_zinc_pool,,,,1,CNOCCCNC(=O)[C@@H](N)CN=[N+]=[N-],matched_to_CHEMBL463811,216.245,-0.7186999999999988,3,5,125.14,8,0,CHEMBL463811,6.876280000000002,0.11594202898550725,,,,
ZINCf5000002a4hN,CNS(=O)(=O)CCCNC(=O)[C@@H]1C[C@@H]1Br,decoy,local_zinc_pool,,,C1CC1,1,CNS(=O)(=O)CCCNC(=O)[C@@H]1C[C@@H]1Br,matched_to_CHEMBL294989,299.19,-0.17470000000000052,2,3,75.27000000000001,6,0,CHEMBL294989,3.356080000000002,0.1076923076923077,,,,
ZINCf50000009GL0,CSCCS(=O)(=O)NC(=O)CSCCN,decoy,local_zinc_pool,,,,1,CSCCS(=O)(=O)NC(=O)CSCCN,matched_to_CHEMBL462830,272.41700000000003,-0.5126999999999986,2,6,89.26,8,0,CHEMBL462830,6.549526666666669,0.1267605633802817,,,,
ZINCf5000000acYe,Cn1nnnc1CSCCCS(C)(=O)=O,decoy,local_zinc_pool,,,c1nnn[nH]1,1,Cn1nnnc1CSCCCS(C)(=O)=O,matched_to_CHEMBL2431120,250.34899999999996,-0.12200000000000033,0,7,77.74000000000001,6,0,CHEMBL2431120,5.067640000000005,0.09302325581395349,,,,
ZINCf50000009jTv,CNC(=O)COCCNS(=O)(=O)C(Cl)Cl,decoy,local_zinc_pool,,,,1,CNC(=O)COCCNS(=O)(=O)C(Cl)Cl,matched_to_CHEMBL3315193,279.145,-0.5703999999999996,2,4,84.5,7,0,CHEMBL3315193,4.736280000000002,0.12698412698412698,,,,
ZINCf5000000Vn0X,N#CSCCCNC(=O)COCC(=O)O,decoy,local_zinc_pool,,,,1,N#CSCCCNC(=O)COCC(=O)O,matched_to_CHEMBL3099769,232.26099999999997,-0.19182000000000038,2,5,99.42,8,0,CHEMBL3099769,7.1037633333333385,0.12162162162162163,,,,
ZINCf5000002e22i,CN(C)S(=O)(=O)CCCNS(=O)(=O)CI,decoy,local_zinc_pool,,,,1,CN(C)S(=O)(=O)CCCNS(=O)(=O)CI,matched_to_CHEMBL3315203,370.234,-0.42019999999999946,1,4,83.55000000000001,7,0,CHEMBL3315203,4.74085666666667,0.0875,,,,
ZINCf50000017DqO,CN(CCS(C)(=O)=O)c1nnc(C#N)s1,decoy,local_zinc_pool,,,c1nncs1,1,CN(CCS(C)(=O)=O)c1nnc(C#N)s1,matched_to_CHEMBL1301125,246.317,-0.10941999999999963,0,7,86.95,4,0,CHEMBL1301125,5.6555933333333375,0.10588235294117647,,,,
ZINCf50000008Pur,CC(C)[C@H](NC=O)C(=O)NS(=O)(=O)CI,decoy,local_zinc_pool,,,,1,CC(C)[C@H](NC=O)C(=O)NS(=O)(=O)CI,matched_to_CHEMBL3315221,348.162,-0.4045000000000001,2,4,92.34,6,0,CHEMBL3315221,4.749110000000005,0.14754098360655737,,,,
ZINCf50000026Fx1,[N-]=[N+]=NCCNCC(=O)Nc1nn[nH]n1,decoy,local_zinc_pool,,,c1nn[nH]n1,1,[N-]=[N+]=NCCNCC(=O)Nc1nn[nH]n1,matched_to_CHEMBL1323442,211.18900000000002,-0.9619,3,6,144.35000000000002,6,0,CHEMBL1323442,4.790480000000001,0.14666666666666667,,,,
ZINCf50000027i1D,[N-]=[N+]=NCCC(=O)NCCCNCCO,decoy,local_zinc_pool,,,,1,[N-]=[N+]=NCCC(=O)NCCCNCCO,matched_to_CHEMBL463811,215.25699999999998,-0.22499999999999998,3,4,110.12000000000002,9,0,CHEMBL463811,7.157826666666669,0.09722222222222222,,,,
ZINCf50000008DZl,C=C(Br)CN(C)CCCNC(=O)C(N)=O,decoy,local_zinc_pool,,,,1,C=C(Br)CN(C)CCCNC(=O)C(N)=O,matched_to_CHEMBL294989,278.15,-0.18159999999999987,2,3,75.43,6,0,CHEMBL294989,3.5646800000000023,0.125,,,,
ZINCf50000018cs2,O=S(=O)(CCCO)CCSc1nc[nH]n1,decoy,local_zinc_pool,,,c1nc[nH]n1,1,O=S(=O)(CCCO)CCSc1nc[nH]n1,matched_to_CHEMBL462830,251.333,-0.306,2,6,95.94000000000001,7,0,CHEMBL462830,6.8553666666666695,0.13095238095238096,,,,
ZINCf50000017HJE,COC(=O)C(C(=O)OC)N(C)CCSC,decoy,local_zinc_pool,,,,1,COC(=O)C(C(=O)OC)N(C)CCSC,matched_to_CHEMBL2431120,235.30499999999998,-0.004200000000000204,0,6,55.84000000000001,6,0,CHEMBL2431120,5.092346666666672,0.15789473684210525,,,,
ZINCf500000092vj,CCONC(=O)CNS(=O)(=O)CC=CCl,decoy,local_zinc_pool,,,,1,CCONC(=O)CNS(=O)(=O)CC=CCl,matched_to_CHEMBL3315193,256.711,-0.2739999999999998,2,4,84.5,7,0,CHEMBL3315193,4.763020000000002,0.15492957746478872,,,,
ZINCf5000000adGO,N#CCCSCC(=O)NCCOCCN,decoy,local_zinc_pool,,,,1,N#CCCSCC(=O)NCCOCCN,matched_to_CHEMBL3099769,231.32099999999994,-0.27521999999999924,2,5,88.14,9,0,CHEMBL3099769,7.119963333333338,0.12,,,,
ZINCf50000009G2d,CS(=O)(=O)NCCC(=O)NOCC=CCl,decoy,local_zinc_pool,,,,1,CS(=O)(=O)NCCC(=O)NOCC=CCl,matched_to_CHEMBL3315203,256.711,-0.2739999999999998,2,4,84.5,7,0,CHEMBL3315203,4.763020000000004,0.1388888888888889,,,,
ZINCf5000001onov,CS(=O)(=O)O[C@@H]1CSC[C@@H]1OS(C)(=O)=O,decoy,local_zinc_pool,,,C1CCSC1,1,CS(=O)(=O)O[C@H]1CSC[C@H]1OS(C)(=O)=O,matched_to_CHEMBL1301125,276.357,-0.5771999999999999,0,7,86.74000000000001,4,0,CHEMBL1301125,5.6586466666666695,0.0967741935483871,,,,
ZINCf5000002dD5F,C=C(Cl)CONC(=O)CNS(=O)(=O)CC,decoy,local_zinc_pool,,,,1,C=C(Cl)CONC(=O)CNS(=O)(=O)CC,matched_to_CHEMBL3315221,256.71099999999996,-0.27400000000000024,2,4,84.5,7,0,CHEMBL3315221,4.763020000000004,0.15942028985507245,,,,
ZINCf5000000VnD5,OCCCCCC=Nn1c(O)nnc1O,decoy,local_zinc_pool,,,c1nnc[nH]1,1,OCCCCCC=Nn1c(O)nnc1O,matched_to_CHEMBL1323442,214.22500000000002,0.07589999999999997,3,7,103.76,6,0,CHEMBL1323442,4.890253333333335,0.06578947368421052,,,,
ZINCf5000000SMPn,C[C@H](N)CONC(=O)CSCCCCN,decoy,local_zinc_pool,,,,1,C[C@H](N)CONC(=O)CSCCCCN,matched_to_CHEMBL463811,235.35299999999992,-0.1464999999999982,3,5,90.36999999999999,9,0,CHEMBL463811,7.194533333333336,0.140625,,,,
ZINCf5000002e29Q,CNS(=O)(=O)CCNC(=O)CC(F)(F)Cl,decoy,local_zinc_pool,,,,1,CNS(=O)(=O)CCNC(=O)CC(F)(F)Cl,matched_to_CHEMBL294989,264.6809999999999,-0.12650000000000045,2,3,75.27000000000001,6,0,CHEMBL294989,3.6690366666666687,0.12345679012345678,,,,
ZINCf5000002s8fr,COC[C@@H](O)CONC(=O)CCC1N=N1,decoy,local_zinc_pool,,,C1N=N1,1,COC[C@@H](O)CONC(=O)CCC1N=N1,matched_to_CHEMBL462830,217.225,-0.38639999999999963,2,6,92.50999999999999,8,0,CHEMBL462830,6.887246666666671,0.140625,,,,
ZINCf5000000azPG,c1nnnn1CCSC[C@H]1COCCO1,decoy,local_zinc_pool,,,c1nnnn1CCSCC1COCCO1,1,c1nnnn1CCSC[C@H]1COCCO1,matched_to_CHEMBL2431120,230.29299999999995,-0.17830000000000035,0,7,62.06,5,0,CHEMBL2431120,5.1785333333333385,0.06578947368421052,,,,
ZINCf50000026oVS,CC(I)=CC(=O)NC[C@@H](O)CS(C)(=O)=O,decoy,local_zinc_pool,,,,1,CC(I)=CC(=O)NC[C@@H](O)CS(C)(=O)=O,matched_to_CHEMBL3315193,347.1740000000001,-0.1530999999999998,2,4,83.47,5,0,CHEMBL3315193,4.796590000000001,0.12698412698412698,,,,
ZINCf500000181o6,N#CCCCC(=O)NOCCOCCO,decoy,local_zinc_pool,,,,1,N#CCCCC(=O)NOCCOCCO,matched_to_CHEMBL3099769,216.23699999999994,-0.26302,2,5,91.58000000000001,9,0,CHEMBL3099769,7.125070000000005,0.125,,,,
ZINCf50000008NGb,CC(C)N(CCN)C(=O)CSCC(=O)O,decoy,local_zinc_pool,,,,1,CC(C)N(CCN)C(=O)CSCC(=O)O,matched_to_CHEMBL3315203,234.321,-9.999999999960041e-05,2,4,83.63,7,0,CHEMBL3315203,4.816720000000004,0.13114754098360656,,,,
ZINCf5000000a9iF,Cc1nnsc1CS(=O)(=O)CS(C)(=O)=O,decoy,local_zinc_pool,,,c1csnn1,1,Cc1nnsc1CS(=O)(=O)CS(C)(=O)=O,matched_to_CHEMBL1301125,270.35699999999997,-0.23658,0,7,94.06,4,0,CHEMBL1301125,5.784366666666671,0.11594202898550725,,,,
ZINCf50000009IU9,C[C@@H](CCN)N(C)C(=O)CSCC(=O)O,decoy,local_zinc_pool,,,,1,C[C@@H](CCN)N(C)C(=O)CSCC(=O)O,matched_to_CHEMBL3315221,234.32099999999997,-9.999999999960041e-05,2,4,83.63,7,0,CHEMBL3315221,4.816720000000004,0.14754098360655737,,,,
ZINCf5000002aTEW,Nc1nonc1C(=O)NCCSCCO,decoy,local_zinc_pool,,,c1cnon1,1,Nc1nonc1C(=O)NCCSCCO,matched_to_CHEMBL1323442,232.26499999999996,-0.8929,3,7,114.27,6,0,CHEMBL1323442,4.935320000000003,0.10666666666666667,,,,
ZINCf50000024kCv,[N-]=[N+]=NCCCCC(=O)NC[C@H](O)CO,decoy,local_zinc_pool,,,,1,[N-]=[N+]=NCCCCC(=O)NC[C@H](O)CO,matched_to_CHEMBL463811,216.24099999999999,-0.06360000000000016,3,4,118.32000000000002,8,0,CHEMBL463811,7.212386666666669,0.1076923076923077,,,,
ZINCf50000025ld1,CN(CCS(N)(=O)=O)C(=S)NCCCCl,decoy,local_zinc_pool,,,,1,CN(CCS(N)(=O)=O)C(=S)NCCCCl,matched_to_CHEMBL294989,273.811,-0.2898999999999996,2,3,75.42999999999999,6,0,CHEMBL294989,3.680270000000002,0.10588235294117647,,,,
ZINCf500000185c0,NOCCNC(=O)Cn1nc(Br)c(Br)n1,decoy,local_zinc_pool,,,c1cn[nH]n1,1,NOCCNC(=O)Cn1nc(Br)c(Br)n1,matched_to_CHEMBL462830,342.979,-0.19039999999999985,2,6,95.06,5,0,CHEMBL462830,6.897040000000003,0.14864864864864866,,,,
ZINCf50000009w27,COCCSCCCn1nnn(C)c1=O,decoy,local_zinc_pool,,,O=c1[nH]nn[nH]1,1,COCCSCCCn1nnn(C)c1=O,matched_to_CHEMBL2431120,232.309,-0.2535000000000005,0,7,61.94,7,0,CHEMBL2431120,5.203706666666671,0.11392405063291139,,,,
ZINCf50000009KUh,C[C@@H](C[S@@](C)=O)NC(=O)CSCC(=O)O,decoy,local_zinc_pool,,,,1,C[C@@H](C[S@@](C)=O)NC(=O)CSCC(=O)O,matched_to_CHEMBL3315193,253.34499999999997,-0.3125999999999994,2,4,83.47,7,0,CHEMBL3315193,4.841213333333337,0.16666666666666666,,,,
ZINCf50000008TDx,CCCCS(=O)(=O)NC(=O)CSCCN,decoy,local_zinc_pool,,,,1,CCCCS(=O)(=O)NC(=O)CSCCN,matched_to_CHEMBL3099769,254.37699999999995,-0.07559999999999933,2,5,89.26,8,0,CHEMBL3099769,7.211523333333338,0.14084507042253522,,,,
ZINCf500000093K2,CCSC[C@@H](C)NC(=O)CCS(N)(=O)=O,decoy,local_zinc_pool,,,,1,CCSC[C@@H](C)NC(=O)CCS(N)(=O)=O,matched_to_CHEMBL3315203,254.37699999999995,-0.07719999999999916,2,4,89.25999999999999,7,0,CHEMBL3315203,4.845560000000003,0.14814814814814814,,,,
ZINCf500000181a2,Cn1nnnc1COC(=O)CP(C)(C)=O,decoy,local_zinc_pool,,,c1nnn[nH]1,1,Cn1nnnc1COC(=O)CP(C)(C)=O,matched_to_CHEMBL1301125,232.17999999999995,-0.12400000000000033,0,7,86.97,4,0,CHEMBL1301125,5.807483333333337,0.13333333333333333,,,,
ZINCf500000097FT,CC[C@H](CSC)NC(=O)CCS(N)(=O)=O,decoy,local_zinc_pool,,,,1,CC[C@H](CSC)NC(=O)CCS(N)(=O)=O,matched_to_CHEMBL3315221,254.37699999999995,-0.07719999999999916,2,4,89.25999999999999,7,0,CHEMBL3315221,4.845560000000003,0.13580246913580246,,,,
ZINCf5000002qsQM,CC1(C[C@@H](N)C(=O)NOCCCN)N=N1,decoy,local_zinc_pool,,,C1N=N1,1,CC1(C[C@@H](N)C(=O)NOCCCN)N=N1,matched_to_CHEMBL1323442,215.25699999999998,-0.7175999999999987,3,6,115.09,7,0,CHEMBL1323442,4.955733333333335,0.12307692307692308,,,,
ZINCf5000002eg4T,[N-]=[N+]=NCCCC(=O)NC[C@@H](O)CCO,decoy,local_zinc_pool,,,,1,[N-]=[N+]=NCCCC(=O)NC[C@@H](O)CCO,matched_to_CHEMBL463811,216.24099999999999,-0.06360000000000016,3,4,118.32000000000002,8,0,CHEMBL463811,7.212386666666669,0.08955223880597014,,,,
ZINCf5000000907M,CCNS(=O)(=O)NCC[S@](=O)C(C)(C)C,decoy,local_zinc_pool,,,,1,CCNS(=O)(=O)NCC[S@](=O)C(C)(C)C,matched_to_CHEMBL294989,256.393,-0.0224999999999993,2,3,75.27000000000001,6,0,CHEMBL294989,3.682583333333335,0.08860759493670886,,,,
ZINCf500000091Oj,CCOCCS(=O)(=O)NO[C@@H](C)C(=O)O,decoy,local_zinc_pool,,,,1,CCOCCS(=O)(=O)NO[C@@H](C)C(=O)O,matched_to_CHEMBL462830,241.26500000000001,-0.6529999999999994,2,5,101.93000000000002,8,0,CHEMBL462830,6.947780000000002,0.18333333333333332,,,,
ZINCf50000008XuZ,CCN(CCSC)C(=O)Cn1cnnn1,decoy,local_zinc_pool,,,c1nnn[nH]1,1,CCN(CCSC)C(=O)Cn1cnnn1,matched_to_CHEMBL2431120,229.309,-0.11540000000000017,0,6,63.910000000000004,6,0,CHEMBL2431120,5.220440000000004,0.11392405063291139,,,,
ZINCf5000000990N,CC[C@H](SC)C(=O)NCCCS(N)(=O)=O,decoy,local_zinc_pool,,,,1,CC[C@H](SC)C(=O)NCCCS(N)(=O)=O,matched_to_CHEMBL3315193,254.37699999999995,-0.07719999999999916,2,4,89.25999999999999,7,0,CHEMBL3315193,4.8455600000000025,0.1095890410958904,,,,
ZINCf50000017Pd0,CSCCS(=O)(=O)NCCCCC(N)=O,decoy,local_zinc_pool,,,,1,CSCCS(=O)(=O)NCCCCC(N)=O,matched_to_CHEMBL3099769,254.37699999999995,-0.07559999999999933,2,4,89.25999999999999,9,0,CHEMBL3099769,7.211523333333338,0.11267605633802817,,,,
ZINCf50000009GAN,CSCCCC(=O)NC[C@@H](C)S(N)(=O)=O,decoy,local_zinc_pool,,,,1,CSCCCC(=O)NC[C@@H](C)S(N)(=O)=O,matched_to_CHEMBL3315203,254.37699999999998,-0.07719999999999916,2,4,89.25999999999999,7,0,CHEMBL3315203,4.845560000000003,0.13414634146341464,,,,
ZINCf5000000ZthQ,COCc1nc(Cc2ncn(C)n2)no1,decoy,local_zinc_pool,,,c1nc(Cc2ncon2)n[nH]1,1,COCc1nc(Cc2ncn(C)n2)no1,matched_to_CHEMBL1301125,209.20900000000003,-0.06469999999999998,0,7,78.86,4,0,CHEMBL1301125,5.994060000000005,0.14492753623188406,,,,
ZINCf50000009GYy,CSC[C@@H](C)NC(=O)CCCS(N)(=O)=O,decoy,local_zinc_pool,,,,1,CSC[C@@H](C)NC(=O)CCCS(N)(=O)=O,matched_to_CHEMBL3315221,254.37699999999995,-0.07719999999999916,2,4,89.25999999999999,7,0,CHEMBL3315221,4.845560000000003,0.15,,,,
ZINCf5000000aiZh,NCCC[C@@H](N)Cc1nc(CCN)no1,decoy,local_zinc_pool,,,c1ncon1,1,NCCC[C@@H](N)Cc1nc(CCN)no1,matched_to_CHEMBL1323442,213.28499999999997,-0.8204999999999987,3,6,116.98,7,0,CHEMBL1323442,4.9684533333333345,0.0625,,,,
ZINCf50000009H2Z,CSC[C@@H](O)CNCCCCS(N)(=O)=O,decoy,local_zinc_pool,,,,1,CSC[C@@H](O)CNCCCCS(N)(=O)=O,matched_to_CHEMBL463811,256.393,-0.6313999999999993,3,5,92.41999999999999,9,0,CHEMBL463811,7.225400000000003,0.0958904109589041,,,,
ZINCf5000002dSIB,CCNS(=O)(=O)CCN[S@@](=O)C(C)(C)C,decoy,local_zinc_pool,,,,1,CCNS(=O)(=O)CCN[S@@](=O)C(C)(C)C,matched_to_CHEMBL294989,256.393,-0.0224999999999993,2,3,75.27000000000001,6,0,CHEMBL294989,3.682583333333335,0.08641975308641975,,,,
ZINCf5000000VlQK,COCCCS(=O)(=O)NO[C@@H](C)C(=O)O,decoy,local_zinc_pool,,,,1,COCCCS(=O)(=O)NO[C@@H](C)C(=O)O,matched_to_CHEMBL462830,241.26500000000001,-0.6529999999999994,2,5,101.93000000000002,8,0,CHEMBL462830,6.947780000000002,0.18333333333333332,,,,
ZINCf5000000YbiW,CON(C)CCC(=O)OCn1cncn1,decoy,local_zinc_pool,,,c1nc[nH]n1,1,CON(C)CCC(=O)OCn1cncn1,matched_to_CHEMBL2431120,214.225,-0.33790000000000076,0,7,69.47999999999999,6,0,CHEMBL2431120,5.242413333333337,0.14473684210526316,,,,
ZINCf50000009HiG,CS[C@@H](C)C(=O)NCCCCS(N)(=O)=O,decoy,local_zinc_pool,,,,1,CS[C@@H](C)C(=O)NCCCCS(N)(=O)=O,matched_to_CHEMBL3315193,254.37699999999995,-0.07719999999999916,2,4,89.25999999999999,7,0,CHEMBL3315193,4.8455600000000025,0.12698412698412698,,,,
ZINCf50000024C21,[N-]=[N+]=NCCCOCC(=O)NOCCO,decoy,local_zinc_pool,,,,1,[N-]=[N+]=NCCCOCC(=O)NOCCO,matched_to_CHEMBL3099769,218.213,-0.25649999999999984,2,5,116.55000000000001,9,0,CHEMBL3099769,7.211763333333338,0.1232876712328767,,,,
ZINCf500000255IB,C[C@H](Br)CC(=O)N[C@@H](CO)CS(C)(=O)=O,decoy,local_zinc_pool,,,,1,C[C@H](Br)CC(=O)N[C@@H](CO)CS(C)(=O)=O,matched_to_CHEMBL3315203,302.19000000000005,-0.3184,2,4,83.47,6,0,CHEMBL3315203,4.8566300000000036,0.1518987341772152,,,,
ZINCf5000000acCW,Cn1nnc(C[S@@](=O)Cc2ccon2)n1,decoy,local_zinc_pool,,,O=S(Cc1ccon1)Cc1nn[nH]n1,1,Cn1nnc(C[S@@](=O)Cc2ccon2)n1,matched_to_CHEMBL1301125,227.249,-0.353,0,7,86.7,4,0,CHEMBL1301125,5.9986600000000045,0.12087912087912088,,,,
ZINCf5000002r2Mg,CC[C@@H](Br)C(=O)N[C@@H](CO)CS(C)(=O)=O,decoy,local_zinc_pool,,,,1,CC[C@@H](Br)C(=O)N[C@@H](CO)CS(C)(=O)=O,matched_to_CHEMBL3315221,302.19000000000005,-0.3184,2,4,83.47,6,0,CHEMBL3315221,4.8566300000000036,0.13114754098360656,,,,
ZINCf5000002rvKA,C[C@H](CNC(=O)C[C@@H](N)CCN)N=[N+]=[N-],decoy,local_zinc_pool,,,,1,C[C@H](CNC(=O)C[C@@H](N)CCN)N=[N+]=[N-],matched_to_CHEMBL1323442,214.27299999999997,-0.1323999999999984,3,4,129.9,7,0,CHEMBL1323442,4.98304,0.12,,,,
ZINCf5000001MKOo,CC(CS(N)(=O)=O)NCCSCCCO,decoy,local_zinc_pool,,,,1,CC(CS(N)(=O)=O)NCCSCCCO,matched_to_CHEMBL463811,256.3929999999999,-0.6313999999999984,3,5,92.42,9,0,CHEMBL463811,7.225400000000003,0.1076923076923077,,,,
ZINCf5000002rKe7,CCNS(=O)(=O)NCC[S@@](=O)C(C)(C)C,decoy,local_zinc_pool,,,,1,CCNS(=O)(=O)NCC[S@@](=O)C(C)(C)C,matched_to_CHEMBL294989,256.393,-0.0224999999999993,2,3,75.27000000000001,6,0,CHEMBL294989,3.682583333333335,0.08860759493670886,,,,
ZINCf5000001zmj8,CCOCCS(=O)(=O)NOC(C)C(=O)O,decoy,local_zinc_pool,,,,1,CCOCCS(=O)(=O)NOC(C)C(=O)O,matched_to_CHEMBL462830,241.26500000000001,-0.6529999999999994,2,5,101.93000000000002,8,0,CHEMBL462830,6.947780000000002,0.18333333333333332,,,,
ZINCf50000008GvD,C=CCOCCn1nnn(C2CC2)c1=O,decoy,local_zinc_pool,,,O=c1[nH]nnn1C1CC1,1,C=CCOCCn1nnn(C2CC2)c1=O,matched_to_CHEMBL2431120,210.237,-0.022700000000000164,0,6,61.94,6,0,CHEMBL2431120,5.270560000000004,0.09722222222222222,,,,
ZINCf5000000VkWT,C=C[C@@H](C)[C@@H](NCCS(C)(=O)=O)C(=O)O,decoy,local_zinc_pool,,,,1,C=C[C@@H](C)[C@@H](NCCS(C)(=O)=O)C(=O)O,matched_to_CHEMBL3315193,235.30499999999998,-0.10409999999999991,2,4,83.47,7,0,CHEMBL3315193,4.882613333333336,0.18333333333333332,,,,
ZINCf50000029civ,[N-]=[N+]=NCCC(=O)NOCCOCCO,decoy,local_zinc_pool,,,,1,[N-]=[N+]=NCCC(=O)NOCCOCCO,matched_to_CHEMBL3099769,218.21299999999994,-0.2564999999999999,2,5,116.55000000000003,9,0,CHEMBL3099769,7.21176333333334,0.1095890410958904,,,,
ZINCf5000002r3Nm,C=C[C@@H](C)[C@H](NCCS(C)(=O)=O)C(=O)O,decoy,local_zinc_pool,,,,1,C=C[C@@H](C)[C@H](NCCS(C)(=O)=O)C(=O)O,matched_to_CHEMBL3315203,235.30499999999998,-0.10409999999999991,2,4,83.47,7,0,CHEMBL3315203,4.882613333333338,0.18333333333333332,,,,
ZINCf50000009ALa,COCn1nnc(C(C)(C)S(C)(=O)=O)n1,decoy,local_zinc_pool,,,c1nn[nH]n1,1,COCn1nnc(C(C)(C)S(C)(=O)=O)n1,matched_to_CHEMBL1301125,234.281,-0.4433,0,7,86.97,4,0,CHEMBL1301125,5.999340000000004,0.12195121951219512,,,,
ZINCf5000002e5Hf,COCCOCC(=O)NNC(=O)CCBr,decoy,local_zinc_pool,,,,1,COCCOCC(=O)NNC(=O)CCBr,matched_to_CHEMBL3315221,283.12199999999996,-0.4182000000000001,2,4,76.66,7,0,CHEMBL3315221,4.886243333333338,0.1506849315068493,,,,
ZINCf5000002rwmk,C[C@@H](CN=[N+]=[N-])NC(=O)CC[C@@H](N)CN,decoy,local_zinc_pool,,,,1,C[C@@H](CN=[N+]=[N-])NC(=O)CC[C@@H](N)CN,matched_to_CHEMBL1323442,214.27299999999997,-0.1323999999999984,3,4,129.9,7,0,CHEMBL1323442,4.98304,0.14102564102564102,,,,
ZINCf500000181p5,N#CCCCC[C@H](N)C(=O)NCCON,decoy,local_zinc_pool,,,,1,N#CCCCC[C@H](N)C(=O)NCCON,matched_to_CHEMBL463811,214.26899999999998,-0.595819999999998,3,5,114.16,8,0,CHEMBL463811,7.253320000000002,0.12,,,,
ZINCf50000008LG1,CC(C)(CCl)C(=O)NCCNS(C)(=O)=O,decoy,local_zinc_pool,,,,1,CC(C)(CCl)C(=O)NCCNS(C)(=O)=O,matched_to_CHEMBL294989,256.755,-0.08319999999999989,2,3,75.27000000000001,6,0,CHEMBL294989,3.719430000000002,0.1125,,,,
ZINCf5000002s63L,COCCCS(=O)(=O)NO[C@H](C)C(=O)O,decoy,local_zinc_pool,,,,1,COCCCS(=O)(=O)NO[C@H](C)C(=O)O,matched_to_CHEMBL462830,241.26500000000001,-0.6529999999999994,2,5,101.93000000000002,8,0,CHEMBL462830,6.947780000000002,0.18333333333333332,,,,
ZINCf50000009vOd,COCCS(=O)(=O)N(C)Cc1cnsn1,decoy,local_zinc_pool,,,c1cnsn1,1,COCCS(=O)(=O)N(C)Cc1cnsn1,matched_to_CHEMBL2431120,251.333,-0.05390000000000028,0,6,72.39000000000001,6,0,CHEMBL2431120,5.298400000000005,0.125,,,,
ZINCf50000008Gy0,C=CCONC(=O)NCCS(=O)(=O)CC,decoy,local_zinc_pool,,,,1,C=CCONC(=O)NCCS(=O)(=O)CC,matched_to_CHEMBL3315193,236.29299999999995,-0.1620999999999997,2,4,84.5,7,0,CHEMBL3315193,4.8926000000000025,0.125,,,,
ZINCf5000002s51J,COCC[C@H](C)S(=O)(=O)NOCC(=O)O,decoy,local_zinc_pool,,,,1,COCC[C@H](C)S(=O)(=O)NOCC(=O)O,matched_to_CHEMBL3099769,241.265,-0.6529999999999994,2,5,101.93000000000002,8,0,CHEMBL3099769,7.220776666666671,0.16666666666666666,,,,
ZINCf50000026TVY,O=S(=O)(CI)NCc1cnn(CCO)c1,decoy,local_zinc_pool,,,c1cn[nH]c1,1,O=S(=O)(CI)NCc1cnn(CCO)c1,matched_to_CHEMBL3315203,345.1620000000001,-0.31270000000000014,2,5,84.22,6,0,CHEMBL3315203,4.893110000000003,0.11627906976744186,,,,
ZINCf5000000SKQo,CCn1ncc(C(=O)OCC(=O)OC)n1,decoy,local_zinc_pool,,,c1cn[nH]n1,1,CCn1ncc(C(=O)OCC(=O)OC)n1,matched_to_CHEMBL1301125,213.19299999999996,-0.3722000000000001,0,7,83.31,4,0,CHEMBL1301125,6.016420000000005,0.2028985507246377,,,,
ZINCf5000001XUpk,CS(=O)(=O)CCCNC(C(=O)O)C1CC1,decoy,local_zinc_pool,,,C1CC1,1,CS(=O)(=O)CCCNC(C(=O)O)C1CC1,matched_to_CHEMBL3315221,235.305,-0.1261000000000001,2,4,83.47,7,0,CHEMBL3315221,4.897280000000004,0.16393442622950818,,,,
ZINCf5000002rwml,C[C@H](CN=[N+]=[N-])NC(=O)CC[C@@H](N)CN,decoy,local_zinc_pool,,,,1,C[C@H](CN=[N+]=[N-])NC(=O)CC[C@@H](N)CN,matched_to_CHEMBL1323442,214.27299999999997,-0.1323999999999984,3,4,129.9,7,0,CHEMBL1323442,4.98304,0.14102564102564102,,,,
ZINCf50000017BnG,CC[S@](=N)(=O)NC(=O)CCOCCCO,decoy,local_zinc_pool,,,,1,CC[S@](=N)(=O)NC(=O)CCOCCCO,matched_to_CHEMBL463811,238.3089999999999,-0.1266300000000004,3,5,99.48000000000002,8,0,CHEMBL463811,7.28732666666667,0.1267605633802817,,,,
ZINCf5000002dlfk,C=C(Br)CN(C)C(=O)CNS(=O)(=O)NC,decoy,local_zinc_pool,,,,1,C=C(Br)CN(C)C(=O)CNS(=O)(=O)NC,matched_to_CHEMBL294989,300.178,-0.5927999999999995,2,3,78.51,6,0,CHEMBL294989,3.7257333333333356,0.10126582278481013,,,,
ZINCf50000017ZrY,C[S@@](=N)(=O)CCNS(=O)(=O)CCCC#N,decoy,local_zinc_pool,,,,1,C[S@@](=N)(=O)CCNS(=O)(=O)CCCC#N,matched_to_CHEMBL462830,253.34899999999996,-0.11385000000000023,2,5,110.88,7,0,CHEMBL462830,6.972706666666672,0.09876543209876543,,,,
ZINCf5000000acUm,Cn1nnnc1CCSCCS(C)(=O)=O,decoy,local_zinc_pool,,,c1nnn[nH]1,1,Cn1nnnc1CCSCCS(C)(=O)=O,matched_to_CHEMBL2431120,250.34899999999996,-0.4696,0,7,77.74000000000001,6,0,CHEMBL2431120,5.299373333333338,0.09411764705882353,,,,
ZINCf5000000ZqzS,C=CCOCCNS(=O)(=O)c1cn[nH]c1,decoy,local_zinc_pool,,,c1cn[nH]c1,1,C=CCOCCNS(=O)(=O)c1cn[nH]c1,matched_to_CHEMBL3315193,231.27700000000002,-0.10940000000000033,2,4,84.07999999999998,7,0,CHEMBL3315193,4.90202666666667,0.1038961038961039,,,,
ZINCf50000009un8,COCCCONC(=O)CSCC(N)=O,decoy,local_zinc_pool,,,,1,COCCCONC(=O)CSCC(N)=O,matched_to_CHEMBL3099769,236.29299999999998,-0.7107999999999985,2,5,90.65,9,0,CHEMBL3099769,7.260230000000004,0.14705882352941177,,,,
ZINCf50000009UT2,C[C@H](CN(C)C(=O)CSCCN)C(=O)O,decoy,local_zinc_pool,,,,1,C[C@H](CN(C)C(=O)CSCCN)C(=O)O,matched_to_CHEMBL3315203,234.32099999999994,-0.1425999999999994,2,4,83.63,7,0,CHEMBL3315203,4.911720000000004,0.14516129032258066,,,,
ZINCf5000000Ybd8,COC(=O)[C@@H](C)C(=O)OCn1cncn1,decoy,local_zinc_pool,,,c1nc[nH]n1,1,COC(=O)[C@@H](C)C(=O)OCn1cncn1,matched_to_CHEMBL1301125,213.193,-0.4121000000000006,0,7,83.31000000000002,4,0,CHEMBL1301125,6.043020000000005,0.18032786885245902,,,,
ZINCf50000017vGK,CCCN(C)S(=O)(=O)NCC[S@](C)(=N)=O,decoy,local_zinc_pool,,,,1,CCCN(C)S(=O)(=O)NCC[S@](C)(=N)=O,matched_to_CHEMBL3315221,257.381,-0.16082999999999886,2,4,90.33000000000001,7,0,CHEMBL3315221,4.914073333333337,0.08450704225352113,,,,
ZINCf5000002rwnU,C[C@H](CN=[N+]=[N-])NC(=O)[C@H](N)CCCN,decoy,local_zinc_pool,,,,1,C[C@H](CN=[N+]=[N-])NC(=O)[C@H](N)CCCN,matched_to_CHEMBL1323442,214.27299999999997,-0.1323999999999984,3,4,129.9,7,0,CHEMBL1323442,4.98304,0.13636363636363635,,,,
ZINCf5000002rCUc,C[C@H](N=[N+]=[N-])C(=O)NC(CCN)CCN,decoy,local_zinc_pool,,,,1,C[C@H](N=[N+]=[N-])C(=O)NC(CCN)CCN,matched_to_CHEMBL463811,214.27299999999994,-0.13239999999999885,3,4,129.9,7,0,CHEMBL463811,7.3147333333333355,0.14754098360655737,,,,
ZINCf50000025xqR,C=C(Cl)CS(=O)(=O)NCC(=O)NC1CC1,decoy,local_zinc_pool,,,C1CC1,1,C=C(Cl)CS(=O)(=O)NCC(=O)NC1CC1,matched_to_CHEMBL294989,252.72299999999998,-0.06310000000000016,2,3,75.27,6,0,CHEMBL294989,3.7463500000000027,0.0963855421686747,,,,
ZINCf50000017BnH,CC[S@](=N)(=O)NC(=O)CCOCCOC,decoy,local_zinc_pool,,,,1,CC[S@](=N)(=O)NC(=O)CCOCCOC,matched_to_CHEMBL462830,238.3089999999999,0.13737000000000021,2,5,88.48000000000002,8,0,CHEMBL462830,6.98842666666667,0.12857142857142856,,,,
ZINCf50000009f9z,CN(CCOC(F)F)Cc1nnnn1C,decoy,local_zinc_pool,,,c1nnn[nH]1,1,CN(CCOC(F)F)Cc1nnnn1C,matched_to_CHEMBL2431120,221.211,-0.11890000000000045,0,6,56.07,6,0,CHEMBL2431120,5.300553333333339,0.08433734939759036,,,,
ZINCf5000001rW3P,COC(C)CNCC(C)(C)CS(N)(=O)=O,decoy,local_zinc_pool,,,,1,COC(C)CNCC(C)(C)CS(N)(=O)=O,matched_to_CHEMBL3315193,238.35299999999998,-0.07439999999999858,2,4,81.41999999999999,7,0,CHEMBL3315193,4.914333333333335,0.11290322580645161,,,,
ZINCf50000017KGC,COCCONC(=O)CCSCC(N)=O,decoy,local_zinc_pool,,,,1,COCCONC(=O)CCSCC(N)=O,matched_to_CHEMBL3099769,236.29299999999995,-0.7107999999999985,2,5,90.65,9,0,CHEMBL3099769,7.260230000000005,0.14492753623188406,,,,
ZINCf5000001vdUv,COC(C)CS(=O)(=O)NCC(C)(C)CN,decoy,local_zinc_pool,,,,1,COC(C)CS(=O)(=O)NCC(C)(C)CN,matched_to_CHEMBL3315203,238.35299999999998,-0.07439999999999858,2,4,81.42,7,0,CHEMBL3315203,4.914333333333337,0.1111111111111111,,,,
ZINCf5000001onnP,CS(=O)(=O)O[C@@H]1CCC[C@H]1OS(C)(=O)=O,decoy,local_zinc_pool,,,C1CCCC1,1,CS(=O)(=O)O[C@@H]1CCC[C@H]1OS(C)(=O)=O,matched_to_CHEMBL1301125,258.317,-0.1400999999999999,0,6,86.74000000000001,4,0,CHEMBL1301125,6.047646666666671,0.08771929824561403,,,,
ZINCf5000002sbeU,CO[C@@H](C)CNCC(C)(C)CS(N)(=O)=O,decoy,local_zinc_pool,,,,1,CO[C@@H](C)CNCC(C)(C)CS(N)(=O)=O,matched_to_CHEMBL3315221,238.35299999999998,-0.07439999999999858,2,4,81.41999999999999,7,0,CHEMBL3315221,4.914333333333337,0.11290322580645161,,,,
ZINCf5000002rvPA,C[C@H](CNC(=O)[C@@H](N)CCCN)N=[N+]=[N-],decoy,local_zinc_pool,,,,1,C[C@H](CNC(=O)[C@@H](N)CCCN)N=[N+]=[N-],matched_to_CHEMBL1323442,214.27299999999997,-0.1323999999999993,3,4,129.9,7,0,CHEMBL1323442,4.983040000000001,0.11940298507462686,,,,
ZINCf5000000adGN,N#CCCSCC(=O)NCCOC(=N)O,decoy,local_zinc_pool,,,,1,N#CCCSCC(=O)NCCOC(=N)O,matched_to_CHEMBL463811,231.277,0.2588499999999998,3,5,106.2,7,0,CHEMBL463811,7.3318600000000025,0.13513513513513514,,,,
ZINCf5000002dWGA,CC[S@@](=O)NCCNS(=O)(=O)C(F)(F)F,decoy,local_zinc_pool,,,,1,CC[S@@](=O)NCCNS(=O)(=O)C(F)(F)F,matched_to_CHEMBL294989,268.282,-0.30119999999999986,2,3,75.27000000000001,6,0,CHEMBL294989,3.7494933333333353,0.0875,,,,
ZINCf50000017BnT,CC[S@](=N)(=O)NC(=O)COCCCOC,decoy,local_zinc_pool,,,,1,CC[S@](=N)(=O)NC(=O)COCCCOC,matched_to_CHEMBL462830,238.3089999999999,0.13737000000000021,2,5,88.48000000000002,8,0,CHEMBL462830,6.98842666666667,0.14285714285714285,,,,
ZINCf50000009aXl,CCn1nnn(CCOCC2CC2)c1=O,decoy,local_zinc_pool,,,O=c1[nH]nnn1CCOCC1CC1,1,CCn1nnn(CCOCC2CC2)c1=O,matched_to_CHEMBL2431120,212.25299999999996,-0.11370000000000058,0,6,61.940000000000005,6,0,CHEMBL2431120,5.311066666666671,0.11940298507462686,,,,
ZINCf50000009vZ7,COCCS(=O)(=O)N[C@H](C)[C@H](N)C(C)C,decoy,local_zinc_pool,,,,1,COCCS(=O)(=O)N[C@H](C)[C@H](N)C(C)C,matched_to_CHEMBL3315193,238.353,-0.07599999999999874,2,4,81.42,7,0,CHEMBL3315193,4.915400000000002,0.13513513513513514,,,,
ZINCf5000002sfMO,CONCCC(=O)NCCSS(C)(=O)=O,decoy,local_zinc_pool,,,,1,CONCCC(=O)NCCSS(C)(=O)=O,matched_to_CHEMBL3099769,256.349,-0.6634999999999986,2,6,84.5,8,0,CHEMBL3099769,7.274136666666671,0.12857142857142856,,,,
ZINCf5000001CsKq,COCC(C)S(=O)(=O)NCC(N)C(C)C,decoy,local_zinc_pool,,,,1,COCC(C)S(=O)(=O)NCC(N)C(C)C,matched_to_CHEMBL3315203,238.353,-0.07599999999999851,2,4,81.42,7,0,CHEMBL3315203,4.9154000000000035,0.11666666666666667,,,,
ZINCf50000017yeH,CCOC1(S(=O)(=O)c2nnn(C)n2)CC1,decoy,local_zinc_pool,,,O=S(=O)(c1nn[nH]n1)C1CC1,1,CCOC1(S(=O)(=O)c2nnn(C)n2)CC1,matched_to_CHEMBL1301125,232.265,-0.48960000000000026,0,7,86.97000000000001,4,0,CHEMBL1301125,6.0503666666666716,0.1232876712328767,,,,
ZINCf5000002mCLt,CO[C@H](CN[C@H](C)CS(N)(=O)=O)C(C)C,decoy,local_zinc_pool,,,,1,CO[C@H](CN[C@H](C)CS(N)(=O)=O)C(C)C,matched_to_CHEMBL3315221,238.35299999999998,-0.07599999999999896,2,4,81.41999999999999,7,0,CHEMBL3315221,4.9154000000000035,0.11475409836065574,,,,
ZINCf5000000WBLy,NC[C@@H](O)CNc1ncc([N+](=O)[O-])cn1,decoy,local_zinc_pool,,,c1cncnc1,1,NC[C@@H](O)CNc1ncc([N+](=O)[O-])cn1,matched_to_CHEMBL1323442,213.197,-0.8836999999999999,3,7,127.2,5,0,CHEMBL1323442,5.102666666666669,0.12987012987012986,,,,
ZINCf50000017X2T,C[C@H](O)CONC(=O)CSCCCCN,decoy,local_zinc_pool,,,,1,C[C@H](O)CONC(=O)CSCCCCN,matched_to_CHEMBL463811,236.33699999999993,-0.11289999999999945,3,5,84.58,9,0,CHEMBL463811,7.393893333333336,0.140625,,,,
ZINCf5000002ecur,C[S@@](=O)NCCCNS(=O)(=O)C(F)(F)F,decoy,local_zinc_pool,,,,1,C[S@@](=O)NCCCNS(=O)(=O)C(F)(F)F,matched_to_CHEMBL294989,268.282,-0.3012000000000003,2,3,75.27000000000001,6,0,CHEMBL294989,3.7494933333333353,0.07317073170731707,,,,
ZINCf50000009Hhg,CSCc1noc(CNCCC(N)=O)n1,decoy,local_zinc_pool,,,c1ncon1,1,CSCc1noc(CNCCC(N)=O)n1,matched_to_CHEMBL462830,230.29299999999998,-0.10239999999999994,2,6,94.04,7,0,CHEMBL462830,7.006033333333336,0.13157894736842105,,,,
ZINCf500000090z8,CCOC(=O)CN(C)CCn1ccnn1,decoy,local_zinc_pool,,,c1c[nH]nn1,1,CCOC(=O)CN(C)CCn1ccnn1,matched_to_CHEMBL2431120,212.25300000000001,-0.2270000000000001,0,6,60.25,6,0,CHEMBL2431120,5.319000000000004,0.1643835616438356,,,,
ZINCf50000008Vkv,CCC[C@H](C)S(=O)(=O)NCC(=O)NOC,decoy,local_zinc_pool,,,,1,CCC[C@H](C)S(=O)(=O)NCC(=O)NOC,matched_to_CHEMBL3315193,238.309,-0.22799999999999954,2,4,84.5,7,0,CHEMBL3315193,4.916373333333335,0.14516129032258066,,,,
ZINCf5000002oGW4,NCCCOCc1cn(CCCN)nn1,decoy,local_zinc_pool,,,c1c[nH]nn1,1,NCCCOCc1cn(CCCN)nn1,matched_to_CHEMBL3099769,213.28499999999997,-0.5076999999999992,2,6,91.98,8,0,CHEMBL3099769,7.301710000000004,0.0875,,,,
ZINCf50000017AmI,CC[C@H](C)ONC(=O)CCNS(C)(=O)=O,decoy,local_zinc_pool,,,,1,CC[C@H](C)ONC(=O)CCNS(C)(=O)=O,matched_to_CHEMBL3315203,238.30899999999997,-0.22799999999999865,2,4,84.5,7,0,CHEMBL3315203,4.916373333333336,0.15942028985507245,,,,
ZINCf5000001qm5O,COC(=O)C1(OC)CN(S(=O)(=O)CI)C1,decoy,local_zinc_pool,,,C1CNC1,1,COC(=O)C1(OC)CN(S(=O)(=O)CI)C1,matched_to_CHEMBL1301125,349.146,-0.4175,0,5,72.91,4,0,CHEMBL1301125,6.067890000000005,0.20588235294117646,,,,
ZINCf50000017AmL,CC[C@H](C)ONC(=O)CNS(=O)(=O)CC,decoy,local_zinc_pool,,,,1,CC[C@H](C)ONC(=O)CNS(=O)(=O)CC,matched_to_CHEMBL3315221,238.30899999999997,-0.22799999999999954,2,4,84.5,7,0,CHEMBL3315221,4.916373333333337,0.15,,,,
ZINCf500000256q2,[N-]=[N+]=NCCNCC(=O)Nc1cnn[nH]1,decoy,local_zinc_pool,,,c1c[nH]nn1,1,[N-]=[N+]=NCCNCC(=O)Nc1cnn[nH]1,matched_to_CHEMBL1323442,210.20100000000002,-0.35690000000000016,3,5,131.46,6,0,CHEMBL1323442,5.1110266666666675,0.14473684210526316,,,,
ZINCf5000002shw9,CSCC[C@@H](O)CC(=O)NCCCON,decoy,local_zinc_pool,,,,1,CSCC[C@@H](O)CC(=O)NCCCON,matched_to_CHEMBL463811,236.33699999999996,-0.11289999999999945,3,5,84.58,9,0,CHEMBL463811,7.393893333333336,0.12,,,,
ZINCf5000002rKe8,CCNS(=O)(=O)NCC[S@@](=O)C(F)(F)F,decoy,local_zinc_pool,,,,1,CCNS(=O)(=O)NCC[S@@](=O)C(F)(F)F,matched_to_CHEMBL294989,268.282,-0.30120000000000036,2,3,75.27000000000001,6,0,CHEMBL294989,3.7494933333333353,0.07407407407407407,,,,
ZINCf50000009Aos,COC[C@](C)(O)CC(=O)NS(=O)(=O)CI,decoy,local_zinc_pool,,,,1,COC[C@](C)(O)CC(=O)NS(=O)(=O)CI,matched_to_CHEMBL462830,351.162,-0.38759999999999994,2,5,92.69999999999999,6,0,CHEMBL462830,7.041076666666671,0.14516129032258066,,,,
ZINCf500000090za,CCOC(=O)CN(C)CCn1cnnc1,decoy,local_zinc_pool,,,c1nnc[nH]1,1,CCOC(=O)CN(C)CCn1cnnc1,matched_to_CHEMBL2431120,212.25300000000001,-0.2270000000000001,0,6,60.25,6,0,CHEMBL2431120,5.319000000000004,0.17391304347826086,,,,
ZINCf500000090dm,CCNS(=O)(=O)N[C@H](CC)CC(=O)OC,decoy,local_zinc_pool,,,,1,CCNS(=O)(=O)N[C@H](CC)CC(=O)OC,matched_to_CHEMBL3315193,238.30899999999997,-0.22799999999999954,2,4,84.50000000000001,7,0,CHEMBL3315193,4.916373333333336,0.14084507042253522,,,,
ZINCf500000091Nd,CCOCCS(=O)(=O)NCCCC(=O)O,decoy,local_zinc_pool,,,,1,CCOCCS(=O)(=O)NCCCC(=O)O,matched_to_CHEMBL3099769,239.29299999999998,-0.19289999999999968,2,4,92.7,9,0,CHEMBL3099769,7.302963333333338,0.12698412698412698,,,,
ZINCf5000002dEiI,CCCNS(=O)(=O)NC(=O)[C@H](CC)OC,decoy,local_zinc_pool,,,,1,CCCNS(=O)(=O)NC(=O)[C@H](CC)OC,matched_to_CHEMBL3315203,238.30899999999997,-0.22799999999999865,2,4,84.50000000000001,7,0,CHEMBL3315203,4.916373333333337,0.12903225806451613,,,,
ZINCf50000028nCI,CSC(=O)COC(=O)Cc1cnnn1C,decoy,local_zinc_pool,,,c1c[nH]nn1,1,CSC(=O)COC(=O)Cc1cnnn1C,matched_to_CHEMBL1301125,229.261,-0.20960000000000023,0,7,74.08000000000001,4,0,CHEMBL1301125,6.081340000000003,0.1506849315068493,,,,
ZINCf50000008SOo,CCC(=O)NNS(=O)(=O)CCOC(C)C,decoy,local_zinc_pool,,,,1,CCC(=O)NNS(=O)(=O)CCOC(C)C,matched_to_CHEMBL3315221,238.30899999999994,-0.22799999999999954,2,4,84.50000000000001,7,0,CHEMBL3315221,4.916373333333338,0.14754098360655737,,,,
ZINCf50000027pLc,C[C@@H](O)c1n[nH]c(CNS(=O)(=O)CI)n1,decoy,local_zinc_pool,,,c1nc[nH]n1,1,C[C@@H](O)c1n[nH]c(CNS(=O)(=O)CI)n1,matched_to_CHEMBL1323442,346.15,-0.3301000000000003,3,5,107.97000000000001,5,0,CHEMBL1323442,5.173270000000001,0.15853658536585366,,,,
ZINCf50000017P8f,CSCCCS(=O)(=O)NCC[C@@H](O)CO,decoy,local_zinc_pool,,,,1,CSCCCS(=O)(=O)NCC[C@@H](O)CO,matched_to_CHEMBL463811,257.37699999999995,-0.5978000000000001,3,5,86.63000000000001,9,0,CHEMBL463811,7.424760000000003,0.12048192771084337,,,,
ZINCf5000002dKPr,C[C@H](CCCN)NS(=O)(=O)N1CC(Cl)C1,decoy,local_zinc_pool,,,C1CNC1,1,C[C@H](CCCN)NS(=O)(=O)N1CC(Cl)C1,matched_to_CHEMBL294989,255.771,-0.1287999999999987,2,3,75.42999999999999,6,0,CHEMBL294989,3.753270000000002,0.12903225806451613,,,,
ZINCf50000025uSm,CCOC(=O)[C@@](C)(O)CNS(=O)(=O)CI,decoy,local_zinc_pool,,,,1,CCOC(=O)[C@@](C)(O)CNS(=O)(=O)CI,matched_to_CHEMBL462830,351.162,-0.38759999999999994,2,5,92.69999999999999,6,0,CHEMBL462830,7.041076666666671,0.15942028985507245,,,,
ZINCf50000009pE1,COC(=O)CN(C)CCCn1cncn1,decoy,local_zinc_pool,,,c1nc[nH]n1,1,COC(=O)CN(C)CCCn1cncn1,matched_to_CHEMBL2431120,212.25300000000001,-0.2270000000000001,0,6,60.25,6,0,CHEMBL2431120,5.319000000000004,0.17333333333333334,,,,
ZINCf5000001Aklv,CCNS(=O)(=O)NC(C)CCC(=O)OC,decoy,local_zinc_pool,,,,1,CCNS(=O)(=O)NC(C)CCC(=O)OC,matched_to_CHEMBL3315193,238.30899999999997,-0.22799999999999954,2,4,84.50000000000001,7,0,CHEMBL3315193,4.916373333333336,0.14754098360655737,,,,
ZINCf50000009ubo,COCCCCS(=O)(=O)NCCC(=O)O,decoy,local_zinc_pool,,,,1,COCCCCS(=O)(=O)NCCC(=O)O,matched_to_CHEMBL3099769,239.29299999999998,-0.19289999999999968,2,4,92.7,9,0,CHEMBL3099769,7.302963333333338,0.14666666666666667,,,,
ZINCf50000029adq,CCCNC(=O)[C@H](CC)NS(=O)(=O)OC,decoy,local_zinc_pool,,,,1,CCCNC(=O)[C@H](CC)NS(=O)(=O)OC,matched_to_CHEMBL3315203,238.30899999999997,-0.22799999999999954,2,4,84.50000000000001,7,0,CHEMBL3315203,4.916373333333338,0.15,,,,
ZINCf5000000ZqMX,CC(=O)[C@@H](C)OC(=O)[C@H](C)n1cnnn1,decoy,local_zinc_pool,,,c1nnn[nH]1,1,CC(=O)[C@@H](C)OC(=O)[C@H](C)n1cnnn1,matched_to_CHEMBL1301125,212.209,-0.24520000000000008,0,7,86.97000000000001,4,0,CHEMBL1301125,6.087993333333338,0.14516129032258066,,,,
ZINCf5000002qKMh,CCCC[C@H](NS(=O)(=O)NC)C(=O)OC,decoy,local_zinc_pool,,,,1,CCCC[C@H](NS(=O)(=O)NC)C(=O)OC,matched_to_CHEMBL3315221,238.30899999999997,-0.22799999999999954,2,4,84.50000000000001,7,0,CHEMBL3315221,4.916373333333338,0.1864406779661017,,,,
ZINCf5000002rJso,C[C@](N)(CO)C(=O)NCCCCN=[N+]=[N-],decoy,local_zinc_pool,,,,1,C[C@](N)(CO)C(=O)NCCCCN=[N+]=[N-],matched_to_CHEMBL1323442,215.25699999999995,-0.09720000000000018,3,4,124.11,7,0,CHEMBL1323442,5.181333333333336,0.10810810810810811,,,,
ZINCf5000000atl4,O=C(O)CCNCCCNS(=O)(=O)CCl,decoy,local_zinc_pool,,,,1,O=C(O)CCNCCCNS(=O)(=O)CCl,matched_to_CHEMBL463811,258.727,-0.4434999999999998,3,4,95.5,9,0,CHEMBL463811,7.453593333333336,0.1125,,,,
ZINCf50000017wUx,CCN(CCNC(=O)CO)C(=O)C=CBr,decoy,local_zinc_pool,,,,1,CCN(CCNC(=O)CO)C(=O)C=CBr,matched_to_CHEMBL294989,279.134,-0.1479999999999998,2,3,69.64000000000001,6,0,CHEMBL294989,3.7640400000000014,0.1095890410958904,,,,
ZINCf50000017zaD,CCSCCC(=O)NOCc1nn[nH]n1,decoy,local_zinc_pool,,,c1nn[nH]n1,1,CCSCCC(=O)NOCc1nn[nH]n1,matched_to_CHEMBL462830,231.281,-0.10930000000000034,2,6,92.79,7,0,CHEMBL462830,7.050753333333336,0.20833333333333334,,,,
ZINCf50000009psD,COC(=O)CCN(C)CCn1cncn1,decoy,local_zinc_pool,,,c1nc[nH]n1,1,COC(=O)CCN(C)CCn1cncn1,matched_to_CHEMBL2431120,212.25300000000001,-0.2270000000000001,0,6,60.25,6,0,CHEMBL2431120,5.319000000000004,0.17567567567567569,,,,
ZINCf50000017zia,CC[C@@H](C)N(C)C[C@@H](O)CCS(N)(=O)=O,decoy,local_zinc_pool,,,,1,CC[C@@H](C)N(C)C[C@@H](O)CCS(N)(=O)=O,matched_to_CHEMBL3315193,238.35299999999998,-0.24379999999999813,2,4,83.63,7,0,CHEMBL3315193,4.9388666666666685,0.0963855421686747,,,,
ZINCf50000008UN0,CCCS(=O)(=O)NCCCOCC(=O)O,decoy,local_zinc_pool,,,,1,CCCS(=O)(=O)NCCCOCC(=O)O,matched_to_CHEMBL3099769,239.29299999999992,-0.19289999999999968,2,4,92.7,9,0,CHEMBL3099769,7.30296333333334,0.12698412698412698,,,,
ZINCf50000009BKg,CONC(=O)CNS(=O)(=O)CC=C(Cl)Cl,decoy,local_zinc_pool,,,,1,CONC(=O)CNS(=O)(=O)CC=C(Cl)Cl,matched_to_CHEMBL3315203,277.129,-0.09759999999999963,2,4,84.5,6,0,CHEMBL3315203,4.941240000000003,0.1267605633802817,,,,
ZINCf50000029YkI,O=S(=O)(CI)N1CC(Cn2ccnn2)C1,decoy,local_zinc_pool,,,c1cn(CC2CNC2)nn1,1,O=S(=O)(CI)N1CC(Cn2ccnn2)C1,matched_to_CHEMBL1301125,342.1620000000001,-0.06780000000000008,0,5,68.09,4,0,CHEMBL1301125,6.097396666666669,0.10588235294117647,,,,
ZINCf50000009GTU,CSCC[C@H](NS(=O)(=O)N(C)C)C(=O)O,decoy,local_zinc_pool,,,,1,CSCC[C@H](NS(=O)(=O)N(C)C)C(=O)O,matched_to_CHEMBL3315221,256.349,-0.41129999999999917,2,4,86.71000000000001,7,0,CHEMBL3315221,4.946573333333337,0.1864406779661017,,,,
ZINCf5000000af5V,N=C(O)OCc1cn(CCCCN)nn1,decoy,local_zinc_pool,,,c1c[nH]nn1,1,N=C(O)OCc1cn(CCCCN)nn1,matched_to_CHEMBL1323442,213.24099999999999,0.026369999999999894,3,6,110.04,6,0,CHEMBL1323442,5.181913333333335,0.12345679012345678,,,,
ZINCf500000091Qp,CCOCC[C@@H](N)C(=O)NOCCCN,decoy,local_zinc_pool,,,,1,CCOCC[C@@H](N)C(=O)NOCCCN,matched_to_CHEMBL463811,219.28499999999997,-0.863099999999998,3,5,99.6,9,0,CHEMBL463811,7.463746666666668,0.14285714285714285,,,,
ZINCf50000017wUn,CCN(CCNC(=O)C=CBr)C(=O)CO,decoy,local_zinc_pool,,,,1,CCN(CCNC(=O)C=CBr)C(=O)CO,matched_to_CHEMBL294989,279.134,-0.1479999999999998,2,3,69.64,6,0,CHEMBL294989,3.764040000000002,0.1095890410958904,,,,
ZINCf50000024KJR,CC[S@](=N)(=O)NC(=O)Cn1cc(I)nn1,decoy,local_zinc_pool,,,c1c[nH]nn1,1,CC[S@](=N)(=O)NC(=O)Cn1cc(I)nn1,matched_to_CHEMBL462830,343.15,-0.019430000000000447,2,6,100.73000000000002,4,0,CHEMBL462830,7.054550000000004,0.18292682926829268,,,,
ZINCf5000000Zs6C,CN(C)CCCOC(=O)Cn1nccn1,decoy,local_zinc_pool,,,c1cn[nH]n1,1,CN(C)CCCOC(=O)Cn1nccn1,matched_to_CHEMBL2431120,212.25300000000001,-0.2270000000000001,0,6,60.25,6,0,CHEMBL2431120,5.319000000000004,0.14864864864864866,,,,
ZINCf5000002dEiR,CCCNS(=O)(=O)NC(=O)COC(F)F,decoy,local_zinc_pool,,,,1,CCCNS(=O)(=O)NC(=O)COC(F)F,matched_to_CHEMBL3315193,246.23499999999996,-0.4137999999999997,2,4,84.50000000000001,7,0,CHEMBL3315193,4.960980000000003,0.14285714285714285,,,,
ZINCf50000008TBd,CCCCOCCS(=O)(=O)C[C@H](O)CO,decoy,local_zinc_pool,,,,1,CCCCOCCS(=O)(=O)C[C@H](O)CO,matched_to_CHEMBL3099769,240.32099999999997,-0.42889999999999995,2,5,83.83000000000001,9,0,CHEMBL3099769,7.304816666666671,0.1111111111111111,,,,
ZINCf5000002rkgg,CC(C)[S@](=O)NC[C@H](O)CCS(C)(=O)=O,decoy,local_zinc_pool,,,,1,CC(C)[S@](=O)NC[C@H](O)CCS(C)(=O)=O,matched_to_CHEMBL3315203,257.377,-0.5562999999999991,2,4,83.47,7,0,CHEMBL3315203,4.963360000000003,0.11290322580645161,,,,
ZINCf50000009sfn,COC(C)(C)C(=O)OCc1nnn(C)n1,decoy,local_zinc_pool,,,c1nn[nH]n1,1,COC(C)(C)C(=O)OCc1nnn(C)n1,matched_to_CHEMBL1301125,214.225,-0.3217000000000003,0,7,79.13000000000001,4,0,CHEMBL1301125,6.104433333333337,0.12658227848101267,,,,
ZINCf5000002dD5k,C=C(Cl)CONC(=O)[C@@H](O)CC[S@@](C)=O,decoy,local_zinc_pool,,,,1,C=C(Cl)CONC(=O)[C@@H](O)CC[S@@](C)=O,matched_to_CHEMBL3315221,255.72299999999998,-0.0838000000000001,2,4,75.63,7,0,CHEMBL3315221,4.978500000000004,0.13846153846153847,,,,
ZINCf5000002qSav,CCC[C@@H](CO)NC(=O)[C@@H](N)CN=[N+]=[N-],decoy,local_zinc_pool,,,,1,CCC[C@@H](CO)NC(=O)[C@@H](N)CN=[N+]=[N-],matched_to_CHEMBL1323442,215.257,-0.09879999999999994,3,4,124.11,7,0,CHEMBL1323442,5.182400000000001,0.11940298507462686,,,,
ZINCf5000002rLN8,CCOCCONC(=O)CC[C@@H](N)CN,decoy,local_zinc_pool,,,,1,CCOCCONC(=O)CC[C@@H](N)CN,matched_to_CHEMBL463811,219.28499999999997,-0.8630999999999973,3,5,99.6,9,0,CHEMBL463811,7.463746666666668,0.15714285714285714,,,,
ZINCf50000026R7L,C/C(I)=C/C(=O)N(C)CCNC(=O)CO,decoy,local_zinc_pool,,,,1,C/C(I)=C/C(=O)N(C)CCNC(=O)CO,matched_to_CHEMBL294989,326.134,-0.1079,2,3,69.64,5,0,CHEMBL294989,3.7673066666666686,0.109375,,,,
ZINCf50000009AET,COCc1nc(CNCCC(=O)O)no1,decoy,local_zinc_pool,,,c1ncon1,1,COCc1nc(CNCCC(=O)O)no1,matched_to_CHEMBL462830,215.209,-0.21970000000000028,2,6,97.48,7,0,CHEMBL462830,7.097473333333337,0.15,,,,
ZINCf5000000ZsWU,COC(=O)[C@@H](F)CSCc1nnn(C)n1,decoy,local_zinc_pool,,,c1nn[nH]n1,1,COC(=O)[C@@H](F)CSCc1nnn(C)n1,matched_to_CHEMBL2431120,234.256,-0.04560000000000053,0,7,69.9,5,0,CHEMBL2431120,5.364036666666671,0.15151515151515152,,,,
ZINCf5000002s40n,COC(CCCCNC(=O)C(=O)O)OC,decoy,local_zinc_pool,,,,1,COC(CCCCNC(=O)C(=O)O)OC,matched_to_CHEMBL3315193,219.237,-0.02360000000000012,2,4,84.86,7,0,CHEMBL3315193,4.985226666666669,0.15517241379310345,,,,
ZINCf50000008FGW,C=CCCS(=O)(=O)NC(=O)CSCCN,decoy,local_zinc_pool,,,,1,C=CCCS(=O)(=O)NC(=O)CSCCN,matched_to_CHEMBL3099769,252.36099999999993,-0.29959999999999914,2,5,89.26,8,0,CHEMBL3099769,7.381016666666672,0.10810810810810811,,,,
ZINCf5000000VZ2K,CC[C@@H](CC(=O)O)NC(=O)C(OC)OC,decoy,local_zinc_pool,,,,1,CC[C@@H](CC(=O)O)NC(=O)C(OC)OC,matched_to_CHEMBL3315203,219.23699999999997,-0.02519999999999989,2,4,84.86000000000001,7,0,CHEMBL3315203,4.986293333333338,0.17543859649122806,,,,
ZINCf5000000a8JE,Cc1nn(CCS(=O)(=O)C(F)F)c(=O)o1,decoy,local_zinc_pool,,,O=c1[nH]nco1,1,Cc1nn(CCS(=O)(=O)C(F)F)c(=O)o1,matched_to_CHEMBL1301125,242.20299999999997,-0.21787999999999963,0,6,82.17,4,0,CHEMBL1301125,6.133840000000005,0.12048192771084337,,,,
ZINCf5000000ZyUF,O=S(=O)(NCCOCCF)c1cn[nH]c1,decoy,local_zinc_pool,,,c1cn[nH]c1,1,O=S(=O)(NCCOCCF)c1cn[nH]c1,matched_to_CHEMBL3315221,237.256,-0.32590000000000047,2,4,84.08000000000001,7,0,CHEMBL3315221,4.986570000000004,0.10666666666666667,,,,
ZINCf5000002raZH,CC[C@@H](O)CCNC(=O)[C@@H](N)CN=[N+]=[N-],decoy,local_zinc_pool,,,,1,CC[C@@H](O)CCNC(=O)[C@@H](N)CN=[N+]=[N-],matched_to_CHEMBL1323442,215.257,-0.09879999999999994,3,4,124.11,7,0,CHEMBL1323442,5.182400000000001,0.10526315789473684,,,,
ZINCf50000017KGJ,COCCONC(=O)C[C@@H](N)CCCN,decoy,local_zinc_pool,,,,1,COCCONC(=O)C[C@@H](N)CCCN,matched_to_CHEMBL463811,219.28499999999994,-0.863099999999998,3,5,99.6,9,0,CHEMBL463811,7.463746666666669,0.1282051282051282,,,,
ZINCf50000009VEz,C[C@H](CNC(=O)C=CI)N(C)C(=O)CO,decoy,local_zinc_pool,,,,1,C[C@H](CNC(=O)C=CI)N(C)C(=O)CO,matched_to_CHEMBL294989,326.13400000000007,-0.10949999999999988,2,3,69.64,5,0,CHEMBL294989,3.7683733333333347,0.12698412698412698,,,,
ZINCf50000017Bo0,CC[S@](=N)(=O)NC(=O)CSCC(=O)OC,decoy,local_zinc_pool,,,,1,CC[S@](=N)(=O)NC(=O)CSCC(=O)OC,matched_to_CHEMBL462830,254.33299999999994,-0.009530000000000483,2,6,96.32000000000001,6,0,CHEMBL462830,7.112520000000004,0.14084507042253522,,,,
ZINCf50000009zaz,COC[C@H](CS(=O)(=O)N1CCSC1)OC,decoy,local_zinc_pool,,,C1CSCN1,1,COC[C@H](CS(=O)(=O)N1CCSC1)OC,matched_to_CHEMBL2431120,255.36099999999996,-0.01609999999999956,0,5,55.84,6,0,CHEMBL2431120,5.399720000000006,0.08974358974358974,,,,
ZINCf5000000SKcQ,CCCCS(=O)(=O)NC(=O)[C@@H](F)CCN,decoy,local_zinc_pool,,,,1,CCCCS(=O)(=O)NC(=O)[C@@H](F)CCN,matched_to_CHEMBL3315193,240.29999999999995,-0.08059999999999923,2,4,89.26,7,0,CHEMBL3315193,4.988596666666669,0.12048192771084337,,,,
ZINCf50000009yQr,COC[C@H](C)OC[C@@H](O)CSCC(N)=O,decoy,local_zinc_pool,,,,1,COC[C@H](C)OC[C@@H](O)CSCC(N)=O,matched_to_CHEMBL3099769,237.32099999999997,-0.3826999999999993,2,5,81.78,9,0,CHEMBL3099769,7.386016666666672,0.12698412698412698,,,,
ZINCf50000008VnO,CCC[C@H](N)C(=O)NS(=O)(=O)CCCF,decoy,local_zinc_pool,,,,1,CCC[C@H](N)C(=O)NS(=O)(=O)CCCF,matched_to_CHEMBL3315203,240.29999999999993,-0.08059999999999934,2,4,89.25999999999999,7,0,CHEMBL3315203,4.988596666666671,0.1095890410958904,,,,
ZINCf50000009qd2,COC(=O)Cn1nc(C(=O)OC)nc1Cl,decoy,local_zinc_pool,,,c1nc[nH]n1,1,COC(=O)Cn1nc(C(=O)OC)nc1Cl,matched_to_CHEMBL1301125,233.61100000000002,-0.1089,0,7,83.31,3,0,CHEMBL1301125,6.1367066666666705,0.22058823529411764,,,,
ZINCf50000009Ln5,C[C@@H](N)CCC(=O)NS(=O)(=O)CCCF,decoy,local_zinc_pool,,,,1,C[C@@H](N)CCC(=O)NS(=O)(=O)CCCF,matched_to_CHEMBL3315221,240.29999999999993,-0.08059999999999934,2,4,89.25999999999999,7,0,CHEMBL3315221,4.988596666666671,0.13414634146341464,,,,
ZINCf5000002rtj9,C[C@H](CCCO)NC(=O)[C@@H](N)CN=[N+]=[N-],decoy,local_zinc_pool,,,,1,C[C@H](CCCO)NC(=O)[C@@H](N)CN=[N+]=[N-],matched_to_CHEMBL1323442,215.257,-0.09879999999999994,3,4,124.11,7,0,CHEMBL1323442,5.182400000000001,0.13636363636363635,,,,
ZINCf5000002dQJ8,C[C@@H](ON)C(=O)NCCCOCCCN,decoy,local_zinc_pool,,,,1,C[C@@H](ON)C(=O)NCCCOCCCN,matched_to_CHEMBL463811,219.2849999999999,-0.863099999999998,3,5,99.6,9,0,CHEMBL463811,7.463746666666669,0.14516129032258066,,,,
ZINCf50000009K4S,C[C@@H](CNC(=O)CO)N(C)C(=O)C=CI,decoy,local_zinc_pool,,,,1,C[C@@H](CNC(=O)CO)N(C)C(=O)C=CI,matched_to_CHEMBL294989,326.134,-0.10949999999999993,2,3,69.64,5,0,CHEMBL294989,3.768373333333335,0.12698412698412698,,,,
ZINCf50000023t3V,CP(C)(=O)CNCCS(=O)(=O)CCCO,decoy,local_zinc_pool,,,,1,CP(C)(=O)CNCCS(=O)(=O)CCCO,matched_to_CHEMBL462830,257.2919999999999,-0.04660000000000036,2,5,83.47,8,0,CHEMBL462830,7.121643333333338,0.09876543209876543,,,,
ZINCf50000009vNx,COCCS(=O)(=O)CCn1ncsc1=O,decoy,local_zinc_pool,,,O=c1[nH]ncs1,1,COCCS(=O)(=O)CCn1ncsc1=O,matched_to_CHEMBL2431120,252.31699999999998,-0.6340000000000003,0,7,78.26,6,0,CHEMBL2431120,5.410093333333338,0.125,,,,
ZINCf50000017vAk,CCCCCS(=O)(=O)NC(=O)[C@H](F)CN,decoy,local_zinc_pool,,,,1,CCCCCS(=O)(=O)NC(=O)[C@H](F)CN,matched_to_CHEMBL3315193,240.29999999999998,-0.08059999999999923,2,4,89.26,7,0,CHEMBL3315193,4.988596666666669,0.1111111111111111,,,,
ZINCf5000000agon,NC(=O)COCCNS(=O)(=O)CCCCl,decoy,local_zinc_pool,,,,1,NC(=O)COCCNS(=O)(=O)CCCCl,matched_to_CHEMBL3099769,258.727,-0.9633999999999989,2,4,98.49000000000001,9,0,CHEMBL3099769,7.390690000000005,0.125,,,,
ZINCf50000008FOg,C=CCC[S@@](C)(=O)=NC(=O)CNCCN,decoy,local_zinc_pool,,,,1,C=CCC[S@@](C)(=O)=NC(=O)CNCCN,matched_to_CHEMBL3315203,233.33699999999993,-0.2647999999999985,2,4,84.55,7,0,CHEMBL3315203,4.99262666666667,0.12,,,,
ZINCf5000000ZyG5,O=C(OCCn1cnnn1)[C@H]1CCSC1,decoy,local_zinc_pool,,,O=C(OCCn1cnnn1)C1CCSC1,1,O=C(OCCn1cnnn1)[C@H]1CCSC1,matched_to_CHEMBL1301125,228.277,-0.030600000000000183,0,7,69.9,4,0,CHEMBL1301125,6.13904666666667,0.11392405063291139,,,,
ZINCf50000008FOo,C=CCC[S@](C)(=O)=NC(=O)CNCCN,decoy,local_zinc_pool,,,,1,C=CCC[S@](C)(=O)=NC(=O)CNCCN,matched_to_CHEMBL3315221,233.33699999999993,-0.2647999999999985,2,4,84.55,7,0,CHEMBL3315221,4.99262666666667,0.12,,,,
ZINCf5000000akjg,NC[C@H](CO)NS(=O)(=O)c1sncc1Br,decoy,local_zinc_pool,,,c1cnsc1,1,NC[C@H](CO)NS(=O)(=O)c1sncc1Br,matched_to_CHEMBL1323442,316.202,-0.49650000000000016,3,6,105.30999999999999,5,0,CHEMBL1323442,5.190083333333336,0.12790697674418605,,,,
ZINCf500000184mH,NC[C@@H](CO)NS(=O)(=O)c1nc(Br)cs1,decoy,local_zinc_pool,,,c1cscn1,1,NC[C@@H](CO)NS(=O)(=O)c1nc(Br)cs1,matched_to_CHEMBL463811,316.202,-0.49650000000000016,3,6,105.30999999999999,5,0,CHEMBL463811,7.521776666666669,0.1411764705882353,,,,
ZINCf50000027r0M,C[C@@H](O)C(=O)N(C)CCNC(=O)C=CI,decoy,local_zinc_pool,,,,1,C[C@@H](O)C(=O)N(C)CCNC(=O)C=CI,matched_to_CHEMBL294989,326.134,-0.10949999999999988,2,3,69.64,5,0,CHEMBL294989,3.768373333333335,0.12698412698412698,,,,
ZINCf500000090y4,CCOC(=O)CC[C@@H](O)CSCC(N)=O,decoy,local_zinc_pool,,,,1,CCOC(=O)CC[C@@H](O)CSCC(N)=O,matched_to_CHEMBL462830,235.30499999999998,-0.09089999999999987,2,5,89.62,8,0,CHEMBL462830,7.12504666666667,0.17647058823529413,,,,
ZINCf50000009ve7,COCCOC(=O)CCc1nncn1C,decoy,local_zinc_pool,,,c1nnc[nH]1,1,COCCOC(=O)CCc1nncn1C,matched_to_CHEMBL2431120,213.237,-0.06270000000000042,0,6,66.24000000000001,6,0,CHEMBL2431120,5.439226666666672,0.15384615384615385,,,,
ZINCf5000000SJvO,C=CCNCCC(=O)N=[S@@](C)(=O)CCN,decoy,local_zinc_pool,,,,1,C=CCNCCC(=O)N=[S@@](C)(=O)CCN,matched_to_CHEMBL3315193,233.33699999999996,-0.2647999999999989,2,4,84.55,7,0,CHEMBL3315193,4.992626666666669,0.12,,,,
ZINCf50000009ZfR,C[C@H](O)C(=O)OCCCSCCC(N)=O,decoy,local_zinc_pool,,,,1,C[C@H](O)C(=O)OCCCSCCC(N)=O,matched_to_CHEMBL3099769,235.30499999999995,-0.09090000000000009,2,5,89.62,8,0,CHEMBL3099769,7.398043333333339,0.14754098360655737,,,,
ZINCf50000008TCr,CCCCS(=O)(=O)CC(=O)NC[C@@H](C)O,decoy,local_zinc_pool,,,,1,CCCCS(=O)(=O)CC(=O)NC[C@@H](C)O,matched_to_CHEMBL3315203,237.32099999999997,-0.3016999999999996,2,4,83.47,7,0,CHEMBL3315203,4.99418666666667,0.16883116883116883,,,,
ZINCf5000000apSf,O=C(Cn1ncnn1)OC[C@@H]1CCSC1,decoy,local_zinc_pool,,,O=C(Cn1ncnn1)OCC1CCSC1,1,O=C(Cn1ncnn1)OC[C@@H]1CCSC1,matched_to_CHEMBL1301125,228.27699999999996,-0.030600000000000183,0,7,69.9,4,0,CHEMBL1301125,6.13904666666667,0.12857142857142856,,,,
ZINCf50000008TxS,CCCCNC(=O)CS(=O)(=O)C[C@H](C)O,decoy,local_zinc_pool,,,,1,CCCCNC(=O)CS(=O)(=O)C[C@H](C)O,matched_to_CHEMBL3315221,237.32099999999997,-0.3016999999999996,2,4,83.47,7,0,CHEMBL3315221,4.99418666666667,0.16666666666666666,,,,
ZINCf50000018akF,O=C(O)C[C@H](NCc1nncs1)C(=O)O,decoy,local_zinc_pool,,,c1nncs1,1,O=C(O)C[C@H](NCc1nncs1)C(=O)O,matched_to_CHEMBL1323442,231.233,-0.4444000000000004,3,6,112.41000000000001,6,0,CHEMBL1323442,5.221040000000001,0.19672131147540983,,,,
ZINCf5000002eeeG,NCCCNCCSCCCS(N)(=O)=O,decoy,local_zinc_pool,,,,1,NCCCNCCSCCCS(N)(=O)=O,matched_to_CHEMBL463811,255.40899999999993,-0.6633999999999984,3,5,98.20999999999998,10,0,CHEMBL463811,7.524973333333337,0.06944444444444445,,,,
ZINCf50000009FF0,CS(=O)(=O)CCCNC(=O)NCC(F)F,decoy,local_zinc_pool,,,,1,CS(=O)(=O)CCCNC(=O)NCC(F)F,matched_to_CHEMBL294989,244.263,-0.014599999999999669,2,3,75.27,6,0,CHEMBL294989,3.798616666666669,0.11290322580645161,,,,
ZINCf50000009vDx,COCCONC(=O)[C@@H](N)CCCC#N,decoy,local_zinc_pool,,,,1,COCCONC(=O)[C@@H](N)CCCC#N,matched_to_CHEMBL462830,215.25299999999996,-0.29821999999999993,2,5,97.37,8,0,CHEMBL462830,7.153780000000004,0.14864864864864866,,,,
ZINCf50000009uPy,COCCN(Cc1nnn(C)n1)C1CC1,decoy,local_zinc_pool,,,C(NC1CC1)c1nn[nH]n1,1,COCCN(Cc1nnn(C)n1)C1CC1,matched_to_CHEMBL2431120,211.26899999999998,-0.17909999999999981,0,6,56.07,6,0,CHEMBL2431120,5.440106666666672,0.12857142857142856,,,,
ZINCf50000008UG8,CCCS(=O)(=O)CC(=O)N[C@H](CC)CO,decoy,local_zinc_pool,,,,1,CCCS(=O)(=O)CC(=O)N[C@H](CC)CO,matched_to_CHEMBL3315193,237.32099999999997,-0.3016999999999996,2,4,83.47,7,0,CHEMBL3315193,4.994186666666669,0.13924050632911392,,,,
ZINCf5000001QBG9,COCCS(=O)(=O)NC(CO)CCSC,decoy,local_zinc_pool,,,,1,COCCS(=O)(=O)NC(CO)CCSC,matched_to_CHEMBL3099769,257.37699999999995,-0.3337999999999992,2,5,75.63000000000001,9,0,CHEMBL3099769,7.3988566666666715,0.11392405063291139,,,,
ZINCf50000008UUv,CCC[C@@H](CCO)NC(=O)CS(C)(=O)=O,decoy,local_zinc_pool,,,,1,CCC[C@@H](CCO)NC(=O)CS(C)(=O)=O,matched_to_CHEMBL3315203,237.32099999999997,-0.30169999999999964,2,4,83.47,7,0,CHEMBL3315203,4.99418666666667,0.13924050632911392,,,,
ZINCf5000002s8gR,COCCn1cc(-c2nncnn2)cn1,decoy,local_zinc_pool,,,c1nnc(-c2cn[nH]c2)nn1,1,COCCn1cc(-c2nncnn2)cn1,matched_to_CHEMBL1301125,206.209,-0.22350000000000025,0,7,78.61,4,0,CHEMBL1301125,6.13992666666667,0.1282051282051282,,,,
ZINCf50000008V4I,CCC[C@@H](O)C(=O)NCCCS(C)(=O)=O,decoy,local_zinc_pool,,,,1,CCC[C@@H](O)C(=O)NCCCS(C)(=O)=O,matched_to_CHEMBL3315221,237.32099999999994,-0.30169999999999964,2,4,83.47,7,0,CHEMBL3315221,4.99418666666667,0.12903225806451613,,,,
ZINCf5000002rwmF,C[C@@H](CN=[N+]=[N-])NC(=O)C[C@@H](N)C(=O)O,decoy,local_zinc_pool,,,,1,C[C@@H](CN=[N+]=[N-])NC(=O)C[C@@H](N)C(=O)O,matched_to_CHEMBL1323442,215.213,-0.3965999999999999,3,4,141.18,6,0,CHEMBL1323442,5.246573333333335,0.1774193548387097,,,,
ZINCf500000090vr,CCOC(=O)CCCCNC(CN)CN,decoy,local_zinc_pool,,,,1,CCOC(=O)CCCCNC(CN)CN,matched_to_CHEMBL463811,217.313,-0.4045999999999969,3,5,90.36999999999999,9,0,CHEMBL463811,7.547000000000001,0.1791044776119403,,,,
ZINCf50000027pPY,NS(=O)(=O)CCCNC(=O)C1CC(I)C1,decoy,local_zinc_pool,,,C1CCC1,1,NS(=O)(=O)CCCNC(=O)C1CC(I)C1,matched_to_CHEMBL294989,346.19000000000005,-0.005199999999999871,2,3,89.25999999999999,5,0,CHEMBL294989,3.8038800000000013,0.09230769230769231,,,,
ZINCf5000000Zu2d,C[C@@H](NCCCS(N)(=O)=O)c1nncs1,decoy,local_zinc_pool,,,c1nncs1,1,C[C@@H](NCCCS(N)(=O)=O)c1nncs1,matched_to_CHEMBL462830,250.34900000000002,-0.13269999999999926,2,6,97.97,6,0,CHEMBL462830,7.168473333333336,0.12941176470588237,,,,
ZINCf5000002dZlW,CN(CCCn1cnnn1)C[C@@H]1CCO1,decoy,local_zinc_pool,,,c1nnnn1CCCNCC1CCO1,1,CN(CCCn1cnnn1)C[C@@H]1CCO1,matched_to_CHEMBL2431120,211.26899999999998,-0.21609999999999974,0,6,56.07000000000001,6,0,CHEMBL2431120,5.464773333333339,0.0945945945945946,,,,
ZINCf50000008VC1,CCC[C@H](O)CNC(=O)CS(=O)(=O)CC,decoy,local_zinc_pool,,,,1,CCC[C@H](O)CNC(=O)CS(=O)(=O)CC,matched_to_CHEMBL3315193,237.32099999999997,-0.30169999999999964,2,4,83.47,7,0,CHEMBL3315193,4.994186666666669,0.14102564102564102,,,,
ZINCf5000002s7uE,COC[C@H](C)S(=O)(=O)NCCSCCO,decoy,local_zinc_pool,,,,1,COC[C@H](C)S(=O)(=O)NCCSCCO,matched_to_CHEMBL3099769,257.37699999999995,-0.33379999999999915,2,5,75.63000000000001,9,0,CHEMBL3099769,7.3988566666666715,0.125,,,,
ZINCf50000008Vk8,CCC[C@H](C)NC(=O)CS(=O)(=O)CCO,decoy,local_zinc_pool,,,,1,CCC[C@H](C)NC(=O)CS(=O)(=O)CCO,matched_to_CHEMBL3315203,237.32099999999997,-0.3016999999999996,2,4,83.47,7,0,CHEMBL3315203,4.99418666666667,0.1518987341772152,,,,
ZINCf50000009aIE,CCn1ncc(C(=O)Cn2ccnn2)n1,decoy,local_zinc_pool,,,O=C(Cn1ccnn1)c1cn[nH]n1,1,CCn1ncc(C(=O)Cn2ccnn2)n1,matched_to_CHEMBL1301125,206.209,-0.22760000000000025,0,7,78.49,4,0,CHEMBL1301125,6.147460000000004,0.18421052631578946,,,,
ZINCf5000000947y,CC[C@@H](C)NC(=O)CS(=O)(=O)CCCO,decoy,local_zinc_pool,,,,1,CC[C@@H](C)NC(=O)CS(=O)(=O)CCCO,matched_to_CHEMBL3315221,237.32099999999994,-0.3016999999999996,2,4,83.47,7,0,CHEMBL3315221,4.99418666666667,0.1518987341772152,,,,
ZINCf5000002rwmG,C[C@@H](CN=[N+]=[N-])NC(=O)C[C@H](N)C(=O)O,decoy,local_zinc_pool,,,,1,C[C@@H](CN=[N+]=[N-])NC(=O)C[C@H](N)C(=O)O,matched_to_CHEMBL1323442,215.213,-0.3965999999999999,3,4,141.18,6,0,CHEMBL1323442,5.246573333333335,0.1774193548387097,,,,
ZINCf5000002s9bv,COCC[S@@](=N)(=O)CCNC(=O)CCN,decoy,local_zinc_pool,,,,1,COCC[S@@](=N)(=O)CCNC(=O)CCN,matched_to_CHEMBL463811,237.32499999999996,-0.8554299999999977,3,5,105.27,8,0,CHEMBL463811,7.5514333333333346,0.12658227848101267,,,,
ZINCf5000000a4J6,C[C@]1(Br)C[C@@H]1C(=O)NCCOCC(N)=O,decoy,local_zinc_pool,,,C1CC1,1,C[C@]1(Br)C[C@@H]1C(=O)NCCOCC(N)=O,matched_to_CHEMBL294989,279.134,-0.22199999999999986,2,3,81.41999999999999,6,0,CHEMBL294989,3.805373333333335,0.136986301369863,,,,
ZINCf5000000atn8,O=C(O)CCn1cc(CSCCO)nn1,decoy,local_zinc_pool,,,c1c[nH]nn1,1,O=C(O)CCn1cc(CSCCO)nn1,matched_to_CHEMBL462830,231.277,-0.021699999999999997,2,6,88.24,7,0,CHEMBL462830,7.174393333333336,0.12658227848101267,,,,
ZINCf5000002mB1l,CN(CC[C@@H]1CCO1)CCn1cnnn1,decoy,local_zinc_pool,,,c1nnnn1CCNCCC1CCO1,1,CN(CC[C@@H]1CCO1)CCn1cnnn1,matched_to_CHEMBL2431120,211.269,-0.21609999999999974,0,6,56.07,6,0,CHEMBL2431120,5.464773333333339,0.0958904109589041,,,,
ZINCf500000094ix,CC[C@@H](CCCO)NC(=O)CS(C)(=O)=O,decoy,local_zinc_pool,,,,1,CC[C@@H](CCCO)NC(=O)CS(C)(=O)=O,matched_to_CHEMBL3315193,237.32099999999997,-0.30169999999999964,2,4,83.47,7,0,CHEMBL3315193,4.994186666666669,0.1518987341772152,,,,
ZINCf5000002sbOB,CO[C@H](C)CS(=O)(=O)NCCSCCO,decoy,local_zinc_pool,,,,1,CO[C@H](C)CS(=O)(=O)NCCSCCO,matched_to_CHEMBL3099769,257.37699999999995,-0.33379999999999915,2,5,75.63000000000001,9,0,CHEMBL3099769,7.3988566666666715,0.1282051282051282,,,,
ZINCf500000095A6,CC[C@@H](O)CC(=O)NCCS(=O)(=O)CC,decoy,local_zinc_pool,,,,1,CC[C@@H](O)CC(=O)NCCS(=O)(=O)CC,matched_to_CHEMBL3315203,237.32099999999997,-0.30169999999999964,2,4,83.47,7,0,CHEMBL3315203,4.99418666666667,0.12658227848101267,,,,
ZINCf5000002rP1l,CC(=O)OCC(=O)OCc1cnnn1C,decoy,local_zinc_pool,,,c1c[nH]nn1,1,CC(=O)OCC(=O)OCc1cnnn1C,matched_to_CHEMBL1301125,213.193,-0.5786000000000004,0,7,83.31,4,0,CHEMBL1301125,6.154020000000004,0.15492957746478872,,,,
ZINCf500000097Fu,CC[C@H](CS(C)(=O)=O)NC(=O)CCCO,decoy,local_zinc_pool,,,,1,CC[C@H](CS(C)(=O)=O)NC(=O)CCCO,matched_to_CHEMBL3315221,237.32099999999997,-0.3016999999999996,2,4,83.47,7,0,CHEMBL3315221,4.99418666666667,0.1518987341772152,,,,
ZINCf5000002rwnY,C[C@H](CN=[N+]=[N-])NC(=O)[C@@H](N)CC(=O)O,decoy,local_zinc_pool,,,,1,C[C@H](CN=[N+]=[N-])NC(=O)[C@@H](N)CC(=O)O,matched_to_CHEMBL1323442,215.213,-0.3965999999999999,3,4,141.18,6,0,CHEMBL1323442,5.246573333333335,0.15873015873015872,,,,
ZINCf5000002qZ68,C=CCCS(=O)(=O)NC(CCN)CCN,decoy,local_zinc_pool,,,,1,C=CCCS(=O)(=O)NC(CCN)CCN,matched_to_CHEMBL463811,235.35299999999992,-0.4518999999999979,3,4,98.21,9,0,CHEMBL463811,7.584533333333336,0.07317073170731707,,,,
ZINCf50000024OkN,CCS(=O)(=O)NCCNC(=O)C1(Cl)CC1,decoy,local_zinc_pool,,,C1CC1,1,CCS(=O)(=O)NCCNC(=O)C1(Cl)CC1,matched_to_CHEMBL294989,254.73899999999998,-0.1867000000000001,2,3,75.27000000000001,6,0,CHEMBL294989,3.808590000000002,0.125,,,,
ZINCf50000009xNF,COC[C@@H](O)CNS(=O)(=O)CCCC#N,decoy,local_zinc_pool,,,,1,COC[C@@H](O)CNS(=O)(=O)CCCC#N,matched_to_CHEMBL462830,236.29299999999995,-0.7831199999999996,2,5,99.41999999999999,8,0,CHEMBL462830,7.18464666666667,0.13513513513513514,,,,
ZINCf50000009wRb,COC[C@@H](C)N(C)CCc1nnnn1C,decoy,local_zinc_pool,,,c1nnn[nH]1,1,COC[C@@H](C)N(C)CCc1nnnn1C,matched_to_CHEMBL2431120,213.28500000000003,-0.28069999999999906,0,6,56.07,6,0,CHEMBL2431120,5.4876800000000046,0.1111111111111111,,,,
ZINCf500000098za,CC[C@H](O)CCNC(=O)CCS(C)(=O)=O,decoy,local_zinc_pool,,,,1,CC[C@H](O)CCNC(=O)CCS(C)(=O)=O,matched_to_CHEMBL3315193,237.32099999999997,-0.30169999999999964,2,4,83.47,7,0,CHEMBL3315193,4.994186666666669,0.1375,,,,
ZINCf50000017KTo,COCC[C@H](CO)NS(=O)(=O)CCSC,decoy,local_zinc_pool,,,,1,COCC[C@H](CO)NS(=O)(=O)CCSC,matched_to_CHEMBL3099769,257.37699999999995,-0.3337999999999992,2,5,75.63,9,0,CHEMBL3099769,7.398856666666672,0.11392405063291139,,,,
ZINCf50000009I3k,C[C@@H](C(=O)NCCCCCO)S(C)(=O)=O,decoy,local_zinc_pool,,,,1,C[C@@H](C(=O)NCCCCCO)S(C)(=O)=O,matched_to_CHEMBL3315203,237.321,-0.30169999999999964,2,4,83.47,7,0,CHEMBL3315203,4.99418666666667,0.13333333333333333,,,,
ZINCf50000017rkQ,CC(=O)OCCOC(=O)[C@H]1COC(=O)O1,decoy,local_zinc_pool,,,O=C1OCCO1,1,CC(=O)OCCOC(=O)[C@H]1COC(=O)O1,matched_to_CHEMBL1301125,218.16099999999997,-0.3718999999999999,0,7,88.13000000000001,4,0,CHEMBL1301125,6.159340000000004,0.16393442622950818,,,,
ZINCf50000009MQf,C[C@@H](O)CCNC(=O)CCCS(C)(=O)=O,decoy,local_zinc_pool,,,,1,C[C@@H](O)CCNC(=O)CCCS(C)(=O)=O,matched_to_CHEMBL3315221,237.32099999999997,-0.30169999999999964,2,4,83.47,7,0,CHEMBL3315221,4.99418666666667,0.1375,,,,
ZINCf50000017BhD,CC[S@@](=N)(=O)NC(=O)CCCCC(N)=O,decoy,local_zinc_pool,,,,1,CC[S@@](=N)(=O)NC(=O)CCCCC(N)=O,matched_to_CHEMBL1323442,235.3089999999999,0.12996999999999959,3,4,113.11000000000001,7,0,CHEMBL1323442,5.269366666666669,0.15384615384615385,,,,
ZINCf50000009H9b,CSC[C@H](CCO)NC(=O)CSCCN,decoy,local_zinc_pool,,,,1,CSC[C@H](CCO)NC(=O)CSCCN,matched_to_CHEMBL463811,252.40499999999994,-0.09149999999999958,3,5,75.35,9,0,CHEMBL463811,7.58814666666667,0.1232876712328767,,,,
ZINCf50000008Z6v,CCNC(=O)CNS(=O)(=O)C1(CCl)CC1,decoy,local_zinc_pool,,,C1CC1,1,CCNC(=O)CNS(=O)(=O)C1(CCl)CC1,matched_to_CHEMBL294989,254.73899999999995,-0.1867000000000001,2,3,75.27000000000001,6,0,CHEMBL294989,3.8085900000000024,0.12195121951219512,,,,
ZINCf50000008TKQ,CCCCn1c(O)nnc1SCC(N)=O,decoy,local_zinc_pool,,,c1nnc[nH]1,1,CCCCn1c(O)nnc1SCC(N)=O,matched_to_CHEMBL462830,230.29299999999995,0.36120000000000013,2,6,94.03,6,0,CHEMBL462830,7.197366666666671,0.12162162162162163,,,,
ZINCf50000009vvW,COCCOCCn1c(C)nn(C)c1=O,decoy,local_zinc_pool,,,O=c1[nH]cn[nH]1,1,COCCOCCn1c(C)nn(C)c1=O,matched_to_CHEMBL2431120,215.25300000000001,-0.44677999999999973,0,6,58.28,6,0,CHEMBL2431120,5.490320000000005,0.1506849315068493,,,,
ZINCf50000009Uke,C[C@H](CCCCO)NC(=O)CS(C)(=O)=O,decoy,local_zinc_pool,,,,1,C[C@H](CCCCO)NC(=O)CS(C)(=O)=O,matched_to_CHEMBL3315193,237.32099999999997,-0.30169999999999964,2,4,83.47,7,0,CHEMBL3315193,4.994186666666669,0.15384615384615385,,,,
ZINCf5000002s5p1,COCC[C@@H](O)CNS(=O)(=O)CCSC,decoy,local_zinc_pool,,,,1,COCC[C@@H](O)CNS(=O)(=O)CCSC,matched_to_CHEMBL3099769,257.37699999999995,-0.3337999999999992,2,5,75.63,9,0,CHEMBL3099769,7.398856666666672,0.1125,,,,
ZINCf50000017yYU,CCS(=O)(=O)CCCNC(=O)C[C@@H](C)O,decoy,local_zinc_pool,,,,1,CCS(=O)(=O)CCCNC(=O)C[C@@H](C)O,matched_to_CHEMBL3315203,237.321,-0.3016999999999996,2,4,83.47,7,0,CHEMBL3315203,4.99418666666667,0.13924050632911392,,,,
ZINCf5000002rOYd,CC(=O)OCCOC(=O)[C@@H]1COC(=O)O1,decoy,local_zinc_pool,,,O=C1OCCO1,1,CC(=O)OCCOC(=O)[C@@H]1COC(=O)O1,matched_to_CHEMBL1301125,218.16099999999997,-0.3718999999999999,0,7,88.13000000000001,4,0,CHEMBL1301125,6.159340000000004,0.16393442622950818,,,,
ZINCf50000024GA8,CCCCC(=O)N[C@@H](CO)CS(C)(=O)=O,decoy,local_zinc_pool,,,,1,CCCCC(=O)N[C@@H](CO)CS(C)(=O)=O,matched_to_CHEMBL3315221,237.32099999999997,-0.30169999999999964,2,4,83.47,7,0,CHEMBL3315221,4.99418666666667,0.1375,,,,
ZINCf50000017Bnz,CC[S@](=N)(=O)NC(=O)CCCCC(N)=O,decoy,local_zinc_pool,,,,1,CC[S@](=N)(=O)NC(=O)CCCCC(N)=O,matched_to_CHEMBL1323442,235.3089999999999,0.12996999999999959,3,4,113.11000000000001,7,0,CHEMBL1323442,5.269366666666669,0.15384615384615385,,,,
ZINCf5000002dw11,CCCCSCC(=O)NOC[C@H](O)CO,decoy,local_zinc_pool,,,,1,CCCCSCC(=O)NOC[C@H](O)CO,matched_to_CHEMBL463811,237.321,-0.07929999999999976,3,5,78.79,9,0,CHEMBL463811,7.593253333333336,0.13846153846153847,,,,
ZINCf5000000avdr,O=C1CC[C@H](CNS(=O)(=O)CCCCl)N1,decoy,local_zinc_pool,,,O=C1CCCN1,1,O=C1CC[C@H](CNS(=O)(=O)CCCCl)N1,matched_to_CHEMBL294989,254.73899999999998,-0.18670000000000003,2,3,75.27,6,0,CHEMBL294989,3.808590000000003,0.08823529411764706,,,,
ZINCf50000009CNG,CO[C@@H](CN)Cc1nc(CCCN)no1,decoy,local_zinc_pool,,,c1ncon1,1,CO[C@@H](CN)Cc1nc(CCCN)no1,matched_to_CHEMBL462830,214.26899999999998,-0.522899999999999,2,6,100.19,7,0,CHEMBL462830,7.20060666666667,0.0975609756097561,,,,
ZINCf50000009AHW,COCc1noc(=O)n1CC(OC)OC,decoy,local_zinc_pool,,,O=c1[nH]cno1,1,COCc1noc(=O)n1CC(OC)OC,matched_to_CHEMBL2431120,218.20899999999997,-0.3984000000000001,0,7,75.72000000000001,6,0,CHEMBL2431120,5.492506666666672,0.11538461538461539,,,,
ZINCf5000002qYb3,CCCC(=O)NC[C@H](O)CCS(C)(=O)=O,decoy,local_zinc_pool,,,,1,CCCC(=O)NC[C@H](O)CCS(C)(=O)=O,matched_to_CHEMBL3315193,237.32099999999997,-0.30169999999999964,2,4,83.47,7,0,CHEMBL3315193,4.994186666666669,0.13043478260869565,,,,
ZINCf5000002s7Vj,COC[C@@H](O)CCNS(=O)(=O)CCSC,decoy,local_zinc_pool,,,,1,COC[C@@H](O)CCNS(=O)(=O)CCSC,matched_to_CHEMBL3099769,257.37699999999995,-0.3337999999999992,2,5,75.63,9,0,CHEMBL3099769,7.398856666666672,0.11904761904761904,,,,
ZINCf50000009kHx,CNC(=O)[C@@H](C)S(=O)(=O)CCCCCO,decoy,local_zinc_pool,,,,1,CNC(=O)[C@@H](C)S(=O)(=O)CCCCCO,matched_to_CHEMBL3315203,237.3209999999999,-0.30170000000000047,2,4,83.47,7,0,CHEMBL3315203,4.994186666666672,0.14102564102564102,,,,
ZINCf50000009aXv,CCn1nnn(CCc2cnoc2)c1=O,decoy,local_zinc_pool,,,O=c1[nH]nnn1CCc1cnoc1,1,CCn1nnn(CCc2cnoc2)c1=O,matched_to_CHEMBL1301125,209.209,-0.3096000000000003,0,7,78.74000000000001,4,0,CHEMBL1301125,6.162126666666671,0.10126582278481013,,,,
ZINCf5000000SL7k,CN=[S@](C)(=O)CCNC(=O)CCCCO,decoy,local_zinc_pool,,,,1,CN=[S@](C)(=O)CCNC(=O)CCCCO,matched_to_CHEMBL3315221,236.33699999999996,-0.007199999999999818,2,4,78.76,7,0,CHEMBL3315221,4.996093333333337,0.1111111111111111,,,,
ZINCf5000002r7nt,CC[C@@H](CO)CNC(=O)[C@@H](N)CN=[N+]=[N-],decoy,local_zinc_pool,,,,1,CC[C@@H](CO)CNC(=O)[C@@H](N)CN=[N+]=[N-],matched_to_CHEMBL1323442,215.257,-0.24130000000000024,3,4,124.11,7,0,CHEMBL1323442,5.277400000000002,0.12,,,,
ZINCf5000002eakk,CSCCCCC(=O)NOC[C@@H](O)CO,decoy,local_zinc_pool,,,,1,CSCCCCC(=O)NOC[C@@H](O)CO,matched_to_CHEMBL463811,237.321,-0.07929999999999976,3,5,78.79,9,0,CHEMBL463811,7.593253333333336,0.140625,,,,
ZINCf5000002e28W,CNS(=O)(=O)CCC(=O)NCC1(Cl)CC1,decoy,local_zinc_pool,,,C1CC1,1,CNS(=O)(=O)CCC(=O)NCC1(Cl)CC1,matched_to_CHEMBL294989,254.73899999999998,-0.1867000000000001,2,3,75.27,6,0,CHEMBL294989,3.808590000000003,0.12162162162162163,,,,
ZINCf500000091sp,CCOCCCC(=O)NS(=O)(=O)CCN,decoy,local_zinc_pool,,,,1,CCOCCCC(=O)NS(=O)(=O)CCN,matched_to_CHEMBL462830,238.30899999999997,-0.7921999999999978,2,5,98.49,8,0,CHEMBL462830,7.207740000000003,0.15714285714285714,,,,
ZINCf50000009zYT,COC[C@H](OC)C(=O)OCC1OCCO1,decoy,local_zinc_pool,,,C1COCO1,1,COC[C@H](OC)C(=O)OCC1OCCO1,matched_to_CHEMBL2431120,220.22099999999995,-0.43609999999999993,0,6,63.22000000000001,6,0,CHEMBL2431120,5.497520000000004,0.1694915254237288,,,,
ZINCf5000001N6HT,CNCCCCC(=O)N=S(C)(=O)CCO,decoy,local_zinc_pool,,,,1,CNCCCCC(=O)N=S(C)(=O)CCO,matched_to_CHEMBL3315193,236.33699999999996,-0.007199999999999818,2,4,78.76,7,0,CHEMBL3315193,4.996093333333336,0.0958904109589041,,,,
ZINCf50000009sr4,COC(CS(=O)(=O)NCCCCO)OC,decoy,local_zinc_pool,,,,1,COC(CS(=O)(=O)NCCCCO)OC,matched_to_CHEMBL3099769,241.30899999999994,-0.7027999999999992,2,5,84.86000000000001,9,0,CHEMBL3099769,7.436336666666671,0.12,,,,
ZINCf50000009FPs,CS(=O)(=O)CC[C@H](N)C(=O)NCC=CBr,decoy,local_zinc_pool,,,,1,CS(=O)(=O)CC[C@H](N)C(=O)NCC=CBr,matched_to_CHEMBL3315203,299.19,-0.22679999999999945,2,4,89.25999999999999,6,0,CHEMBL3315203,4.9971633333333365,0.1095890410958904,,,,
ZINCf50000009KPp,C[C@@H](CSCc1nnn(C)n1)S(C)(=O)=O,decoy,local_zinc_pool,,,c1nn[nH]n1,1,C[C@@H](CSCc1nnn(C)n1)S(C)(=O)=O,matched_to_CHEMBL1301125,250.349,-0.12359999999999971,0,7,77.74000000000001,5,0,CHEMBL1301125,6.166726666666671,0.13253012048192772,,,,
ZINCf50000017phT,C=CC[C@@H](CN)C(=O)NS(=O)(=O)CCC,decoy,local_zinc_pool,,,,1,C=CC[C@@H](CN)C(=O)NS(=O)(=O)CCC,matched_to_CHEMBL3315221,234.32099999999997,-0.006599999999999495,2,4,89.25999999999999,7,0,CHEMBL3315221,4.999053333333337,0.10810810810810811,,,,
ZINCf5000002aW76,O=C(NOC[C@H](O)CO)c1csc(I)n1,decoy,local_zinc_pool,,,c1cscn1,1,O=C(NOC[C@H](O)CO)c1csc(I)n1,matched_to_CHEMBL1323442,344.13,-0.23769999999999986,3,6,91.68,5,0,CHEMBL1323442,5.283470000000001,0.1625,,,,
ZINCf5000001Lr3T,N#CCCC(C#N)CNCC[C@@H](O)CO,decoy,local_zinc_pool,,,,1,N#CCCC(C#N)CNCC[C@@H](O)CO,matched_to_CHEMBL463811,211.265,-0.23714000000000002,3,5,100.07000000000001,8,0,CHEMBL463811,7.607840000000003,0.07894736842105263,,,,
ZINCf500000090a2,CCNS(=O)(=O)NCc1c(I)cnn1C,decoy,local_zinc_pool,,,c1cn[nH]c1,1,CCNS(=O)(=O)NCc1c(I)cnn1C,matched_to_CHEMBL294989,344.17800000000005,-0.03140000000000054,2,4,76.02000000000001,5,0,CHEMBL294989,3.811866666666669,0.12658227848101267,,,,
ZINCf5000000WArE,COC(=O)CCS(=O)(=O)NCCCCN,decoy,local_zinc_pool,,,,1,COC(=O)CCS(=O)(=O)NCCCCN,matched_to_CHEMBL462830,238.30899999999997,-0.7921999999999982,2,5,98.49,8,0,CHEMBL462830,7.207740000000003,0.1388888888888889,,,,
ZINCf5000001rTZS,COCC(OC)C(=O)OCC1OCCO1,decoy,local_zinc_pool,,,C1COCO1,1,COCC(OC)C(=O)OCC1OCCO1,matched_to_CHEMBL2431120,220.22099999999995,-0.43609999999999993,0,6,63.22000000000001,6,0,CHEMBL2431120,5.497520000000004,0.1694915254237288,,,,
ZINCf50000008Hhj,C=C[C@@H](CC)CC(=O)NS(=O)(=O)CCN,decoy,local_zinc_pool,,,,1,C=C[C@@H](CC)CC(=O)NS(=O)(=O)CCN,matched_to_CHEMBL3315193,234.32099999999994,-0.006599999999999384,2,4,89.26,7,0,CHEMBL3315193,4.999053333333336,0.13253012048192772,,,,
ZINCf5000000axRX,O=[N+]([O-])CCNC[C@H](O)COCC1CC1,decoy,local_zinc_pool,,,C1CC1,1,O=[N+]([O-])CCNC[C@H](O)COCC1CC1,matched_to_CHEMBL3099769,218.25299999999996,-0.3598000000000008,2,5,84.63000000000001,9,0,CHEMBL3099769,7.447430000000004,0.11940298507462686,,,,
ZINCf5000000SKov,CCNCCCNS(=O)(=O)N=S(C)(C)=O,decoy,local_zinc_pool,,,,1,CCNCCCNS(=O)(=O)N=S(C)(C)=O,matched_to_CHEMBL3315203,257.38100000000003,-0.45199999999999885,2,4,87.63,7,0,CHEMBL3315203,5.00018666666667,0.10294117647058823,,,,
ZINCf50000009rDe,COC(=O)[C@H](C)OC(=O)Cn1cncn1,decoy,local_zinc_pool,,,c1nc[nH]n1,1,COC(=O)[C@H](C)OC(=O)Cn1cncn1,matched_to_CHEMBL1301125,213.193,-0.6172000000000006,0,7,83.31,4,0,CHEMBL1301125,6.179753333333337,0.21311475409836064,,,,
ZINCf5000000WBK7,NCCOCCNS(=O)(=O)C1CCCC1,decoy,local_zinc_pool,,,C1CCCC1,1,NCCOCCNS(=O)(=O)C1CCCC1,matched_to_CHEMBL3315221,236.33699999999993,-0.1762999999999999,2,4,81.41999999999999,7,0,CHEMBL3315221,5.00242666666667,0.078125,,,,
ZINCf5000002aK4C,CC[C@@H](CN)SCC(=O)Nc1nn[nH]n1,decoy,local_zinc_pool,,,c1nn[nH]n1,1,CC[C@@H](CN)SCC(=O)Nc1nn[nH]n1,matched_to_CHEMBL1323442,230.29700000000005,-0.3912999999999999,3,6,109.58,6,0,CHEMBL1323442,5.308200000000001,0.1780821917808219,,,,
