feature_id,residue_label,family,weight,receptor_residue_label,receptor_resname,receptor_resseq,receptor_residue_class,min_distance_angstrom
SER17_polar,SER17,polar,2.137713,THR298,THR,298,polar,2.4622895849188717
SER17_polar,SER17,polar,2.137713,ARG299,ARG,299,basic,2.6686837579600846
SER17_polar,SER17,polar,2.137713,TYR205,TYR,205,aromatic,3.1000006451612228
ASP15_anion,ASP15,anion,1.979093,ARG380,ARG,380,basic,2.6209114826716378
ASP15_anion,ASP15,anion,1.979093,LEU384,LEU,384,hydrophobic,3.9108793128911454
SER14_polar,SER14,polar,1.875393,ASN300,ASN,300,polar,2.724601438742922
SER14_polar,SER14,polar,1.875393,ARG299,ARG,299,basic,3.385667880935755
SER14_polar,SER14,polar,1.875393,THR298,THR,298,polar,3.853327133789717
GLU9_anion,GLU9,anion,1.841202,TYR152,TYR,152,aromatic,2.758793395671382
GLU9_anion,GLU9,anion,1.841202,ARG190,ARG,190,basic,2.778523708734569
GLU9_anion,GLU9,anion,1.841202,LEU388,LEU,388,hydrophobic,3.9819751380439268
GLU9_anion,GLU9,anion,1.841202,THR391,THR,391,polar,4.024757508223334
GLU9_anion,GLU9,anion,1.841202,VAL237,VAL,237,hydrophobic,4.4408519452915876
GLU21_anion,GLU21,anion,1.639234,LEU32,LEU,32,hydrophobic,2.960764428319149
GLU21_anion,GLU21,anion,1.639234,ARG299,ARG,299,basic,3.1545524246713548
GLU21_anion,GLU21,anion,1.639234,TYR205,TYR,205,aromatic,3.528560471353718
GLU21_anion,GLU21,anion,1.639234,SER31,SER,31,polar,3.567538086692274
GLU21_anion,GLU21,anion,1.639234,GLN221,GLN,221,polar,3.698709234314052
ARG36_cation,ARG36,cation,1.603173,GLU68,GLU,68,acidic,2.996829824998415
ARG36_cation,ARG36,cation,1.603173,TRP39,TRP,39,aromatic,3.420675518081191
ARG36_cation,ARG36,cation,1.603173,ARG43,ARG,43,basic,4.083175847303185
THR13_polar,THR13,polar,1.511188,LYS197,LYS,197,basic,3.0888078606478593
THR13_polar,THR13,polar,1.511188,MET233,MET,233,hydrophobic,3.7657590204366542
SER18_polar,SER18,polar,1.489707,ARG299,ARG,299,basic,3.110292912251198
HIS7_aromatic,HIS7,aromatic,1.484061,GLN234,GLN,234,polar,3.1159401470503223
HIS7_aromatic,HIS7,aromatic,1.484061,VAL237,VAL,237,hydrophobic,3.3878031229692054
HIS7_aromatic,HIS7,aromatic,1.484061,TRP306,TRP,306,aromatic,3.612397126562913
HIS7_aromatic,HIS7,aromatic,1.484061,ILE309,ILE,309,hydrophobic,3.670189368411404
HIS7_aromatic,HIS7,aromatic,1.484061,ILE313,ILE,313,hydrophobic,3.8230911576890443
HIS7_cation,HIS7,cation,1.484061,GLN234,GLN,234,polar,3.1159401470503223
HIS7_cation,HIS7,cation,1.484061,VAL237,VAL,237,hydrophobic,3.3878031229692054
HIS7_cation,HIS7,cation,1.484061,TRP306,TRP,306,aromatic,3.612397126562913
HIS7_cation,HIS7,cation,1.484061,ILE309,ILE,309,hydrophobic,3.707993797190078
TRP31_aromatic,TRP31,aromatic,1.477063,TRP214,TRP,214,aromatic,3.1229311551809658
TRP31_aromatic,TRP31,aromatic,1.477063,GLN211,GLN,211,polar,4.033407864325165
TRP31_aromatic,TRP31,aromatic,1.477063,ASP215,ASP,215,acidic,4.035800911838948
ILE29_hydrophobe,ILE29,hydrophobe,1.465511,TRP91,TRP,91,aromatic,3.1344951746652856
ILE29_hydrophobe,ILE29,hydrophobe,1.465511,PRO90,PRO,90,hydrophobic,3.4203771721843688
ILE29_hydrophobe,ILE29,hydrophobe,1.465511,THR35,THR,35,polar,3.8282681463032335
ILE29_hydrophobe,ILE29,hydrophobe,1.465511,TYR69,TYR,69,aromatic,3.9820517324615543
ILE29_hydrophobe,ILE29,hydrophobe,1.465511,LEU89,LEU,89,hydrophobic,4.00298463649313
GLU27_anion,GLU27,anion,1.35564,GLN210,GLN,210,polar,3.24435355656562
GLU27_anion,GLU27,anion,1.35564,TRP214,TRP,214,aromatic,4.428173664164481
VAL33_hydrophobe,VAL33,hydrophobe,1.286393,ARG121,ARG,121,basic,3.3136049855104885
VAL33_hydrophobe,VAL33,hydrophobe,1.286393,TYR69,TYR,69,aromatic,3.549621951701338
VAL33_hydrophobe,VAL33,hydrophobe,1.286393,LEU123,LEU,123,hydrophobic,4.00313102458564
TYR19_polar,TYR19,polar,1.242822,GLU138,GLU,138,acidic,3.3571761943633662
PHE12_aromatic,PHE12,aromatic,1.239812,TYR148,TYR,148,aromatic,3.3601761858569303
PHE12_aromatic,PHE12,aromatic,1.239812,LEU141,LEU,141,hydrophobic,3.433042965067589
PHE12_aromatic,PHE12,aromatic,1.239812,LEU144,LEU,144,hydrophobic,3.619992403306947
PHE12_aromatic,PHE12,aromatic,1.239812,LEU388,LEU,388,hydrophobic,3.6924536557687473
PHE12_aromatic,PHE12,aromatic,1.239812,TYR145,TYR,145,aromatic,4.1250587874598965
PHE12_aromatic,PHE12,aromatic,1.239812,LYS197,LYS,197,basic,4.164296339119019
PHE12_aromatic,PHE12,aromatic,1.239812,LEU384,LEU,384,hydrophobic,4.299829880355731
ALA8_hydrophobe,ALA8,hydrophobe,1.153179,GLU387,GLU,387,acidic,3.4468194034500748
ALA8_hydrophobe,ALA8,hydrophobe,1.153179,LEU388,LEU,388,hydrophobic,3.798611061954099
ALA8_hydrophobe,ALA8,hydrophobe,1.153179,LEU384,LEU,384,hydrophobic,4.011197950737425
PHE28_aromatic,PHE28,aromatic,1.146285,TRP214,TRP,214,aromatic,3.453725379933963
PHE28_aromatic,PHE28,aromatic,1.146285,THR35,THR,35,polar,3.909132640369216
PHE28_aromatic,PHE28,aromatic,1.146285,TRP39,TRP,39,aromatic,3.9803509895485316
PHE28_aromatic,PHE28,aromatic,1.146285,VAL36,VAL,36,hydrophobic,4.058223502962835
PHE28_aromatic,PHE28,aromatic,1.146285,LEU32,LEU,32,hydrophobic,4.100755662070107
LEU32_hydrophobe,LEU32,hydrophobe,1.072244,GLU68,GLU,68,acidic,3.5277586368684646
LEU32_hydrophobe,LEU32,hydrophobe,1.072244,TRP39,TRP,39,aromatic,3.8335418349093158
LEU32_hydrophobe,LEU32,hydrophobe,1.072244,TYR88,TYR,88,aromatic,4.276812948914177
TYR19_aromatic,TYR19,aromatic,1.009399,GLU138,GLU,138,acidic,3.5906012031413352
TYR19_aromatic,TYR19,aromatic,1.009399,PRO137,PRO,137,hydrophobic,3.7736049077771834
TYR19_aromatic,TYR19,aromatic,1.009399,LEU141,LEU,141,hydrophobic,4.212014957238388
ALA24_hydrophobe,ALA24,hydrophobe,0.94342,GLN210,GLN,210,polar,3.6565832412239616
THR11_polar,THR11,polar,0.868564,ASP372,ASP,372,acidic,3.7314368546177916
THR11_polar,THR11,polar,0.868564,TRP306,TRP,306,aromatic,3.9030905703045136
VAL16_hydrophobe,VAL16,hydrophobe,0.795245,LEU201,LEU,201,hydrophobic,3.8047571538798666
VAL16_hydrophobe,VAL16,hydrophobe,0.795245,LEU141,LEU,141,hydrophobic,4.220200469172043
LEU20_hydrophobe,LEU20,hydrophobe,0.646191,TYR205,TYR,205,aromatic,3.953813855001258
ALA25_hydrophobe,ALA25,hydrophobe,0.591749,PRO90,PRO,90,hydrophobic,4.008261219032508
ALA25_hydrophobe,ALA25,hydrophobe,0.591749,THR35,THR,35,polar,4.366362788408681
ALA25_hydrophobe,ALA25,hydrophobe,0.591749,SER31,SER,31,polar,4.465533562744771
LYS26_cation,LYS26,cation,0.242848,GLU128,GLU,128,acidic,4.357149756434831
